name,t,x,y,z,vx,vy,vz,E,L
Sun,0,0,0,0,0,-15.989,0,-1.97956e+35,3.13665e+43
Mercury,0,5.78952e+10,0,0,0,47344,0,-1.97956e+35,3.13665e+43
Venus,0,1.08161e+11,0,0,0,35004,0,-1.97956e+35,3.13665e+43
Earth,0,1.496e+11,0,0,0,29764,0,-1.97956e+35,3.13665e+43
Moon,0,1.49984e+11,0,0,0,30786,0,-1.97956e+35,3.13665e+43
Mars,0,2.2799e+11,0,0,0,24061,0,-1.97956e+35,3.13665e+43
Jupiter,0,7.78369e+11,0,0,0,13054,0,-1.97956e+35,3.13665e+43
Saturn,0,1.42674e+12,0,0,0,9674.01,0,-1.97956e+35,3.13665e+43
Uranus,0,2.87097e+12,0,0,0,6784.01,0,-1.97956e+35,3.13665e+43
Neptune,0,4.49847e+12,0,0,0,5414.01,0,-1.97956e+35,3.13665e+43
Sun,6.3072e+07,0,0,0,0,-15.989,0,-1.50591e+34,3.14002e+43
Mercury,6.3072e+07,-1.00355e+10,2.6468e+10,0,-90515.3,-34324.1,0,-1.50591e+34,3.14002e+43
Venus,6.3072e+07,-1.11186e+11,-1.23945e+12,0,1744.8,-14637.9,0,-1.50591e+34,3.14002e+43
Earth,6.3072e+07,-7.16198e+10,-2.3641e+10,0,18370.5,-56205.9,0,-1.50591e+34,3.14002e+43
Moon,6.3072e+07,-3.90331e+10,-5.8169e+10,0,51079.3,-34362.7,0,-1.50591e+34,3.14002e+43
Mars,6.3072e+07,-3.46933e+11,-1.0435e+12,0,91.1984,-15563.7,0,-1.50591e+34,3.14002e+43
Jupiter,6.3072e+07,-2.38336e+11,3.0793e+11,0,-20663,-15999.9,0,-1.50591e+34,3.14002e+43
Saturn,6.3072e+07,1.11729e+12,5.6021e+11,0,-10974.4,6857.8,0,-1.50591e+34,3.14002e+43
Uranus,6.3072e+07,2.80322e+12,4.2541e+11,0,-2212.32,6612.88,0,-1.50591e+34,3.14002e+43
Neptune,6.3072e+07,4.47161e+12,3.41791e+11,0,-863.486,5380.68,0,-1.50591e+34,3.14002e+43
Sun,1.26144e+08,0,0,0,0,-15.989,0,-3.3127e+33,3.13908e+43
Mercury,1.26144e+08,-2.57825e+10,-1.18829e+10,0,40811.4,-87481.3,0,-3.3127e+33,3.13908e+43
Venus,1.26144e+08,5.52456e+09,-2.04323e+12,0,1884.82,-11408,0,-3.3127e+33,3.13908e+43
Earth,1.26144e+08,-6.87785e+10,2.96113e+10,0,-23582.1,-54688.5,0,-3.3127e+33,3.13908e+43
Moon,1.26144e+08,-6.89899e+10,1.25145e+10,0,-11051.7,-60514,0,-3.3127e+33,3.13908e+43
Mars,1.26144e+08,-3.03473e+11,-1.88374e+12,0,1019.54,-11775.4,0,-3.3127e+33,3.13908e+43
Jupiter,1.26144e+08,3.837e+11,6.70526e+10,0,-4506.69,25708.2,0,-3.3127e+33,3.13908e+43
Saturn,1.26144e+08,1.18805e+11,7.54992e+11,0,-18570,-1642.2,0,-3.3127e+33,3.13908e+43
Uranus,1.26144e+08,2.58158e+12,8.26451e+11,0,-4920.69,5971.35,0,-3.3127e+33,3.13908e+43
Neptune,1.26144e+08,4.38786e+12,6.79162e+11,0,-1807.31,5271.25,0,-3.3127e+33,3.13908e+43
Sun,1.89216e+08,0,0,0,0,-15.989,0,-1.15769e+33,3.14363e+43
Mercury,1.89216e+08,4.2863e+09,-2.79865e+10,0,95605.7,14998.1,0,-1.15769e+33,3.14363e+43
Venus,1.89216e+08,1.23491e+11,-2.70991e+12,0,1848.53,-9906.13,0,-1.15769e+33,3.14363e+43
Earth,1.89216e+08,-6.35383e+10,3.962e+10,0,-31500.9,-50546.4,0,-1.15769e+33,3.14363e+43
Moon,1.89216e+08,-1.4642e+10,6.85217e+10,0,-60159.4,-12972.5,0,-1.15769e+33,3.14363e+43
Mars,1.89216e+08,-2.3125e+11,-2.56729e+12,0,1230.11,-10097.1,0,-1.15769e+33,3.14363e+43
Jupiter,1.89216e+08,-8.35896e+11,4.16276e+11,0,-16436.7,-4028.84,0,-1.15769e+33,3.14363e+43
Saturn,1.89216e+08,-7.18709e+11,5.03025e+10,0,-1239.95,-19056.4,0,-1.15769e+33,3.14363e+43
Uranus,1.89216e+08,2.1652e+12,1.16276e+12,0,-8461.37,4457.22,0,-1.15769e+33,3.14363e+43
Neptune,1.89216e+08,4.24148e+12,1.00673e+12,0,-2853.93,5065.8,0,-1.15769e+33,3.14363e+43
Sun,2.52288e+08,0,0,0,0,-15.989,0,9.8809e+32,3.14565e+43
Mercury,2.52288e+08,2.6891e+10,-8.8066e+09,0,29770.6,92127.7,0,9.8809e+32,3.14565e+43
Venus,2.52288e+08,2.38363e+11,-3.30247e+12,0,1793.6,-8977.55,0,9.8809e+32,3.14565e+43
Earth,2.52288e+08,-5.66214e+10,4.90017e+10,0,-38960.1,-45044,0,9.8809e+32,3.14565e+43
Moon,2.52288e+08,5.63142e+10,4.16414e+10,0,-36602.9,49486.4,0,9.8809e+32,3.14565e+43
Mars,2.52288e+08,-1.51081e+11,-3.16879e+12,0,1300.05,-9078.17,0,9.8809e+32,3.14565e+43
Jupiter,2.52288e+08,-1.68609e+12,1.02168e+11,0,-11419.3,-5372.92,0,9.8809e+32,3.14565e+43
Saturn,2.52288e+08,3.9091e+10,-7.09662e+11,0,19301.1,1048.83,0,9.8809e+32,3.14565e+43
Uranus,2.52288e+08,1.53022e+12,1.38316e+12,0,-10988.1,2811.03,0,9.8809e+32,3.14565e+43
Neptune,2.52288e+08,4.02507e+12,1.31753e+12,0,-4033.29,4732.66,0,9.8809e+32,3.14565e+43
Sun,3.1536e+08,0,0,0,0,-15.989,0,9.80796e+32,3.14719e+43
Mercury,3.1536e+08,2.05854e+10,1.93965e+10,0,-66729.5,70212.8,0,9.80796e+32,3.14719e+43
Venus,3.1536e+08,3.49784e+11,-3.84607e+12,0,1740.23,-8325.49,0,9.80796e+32,3.14719e+43
Earth,3.1536e+08,-4.84e+10,5.7153e+10,0,-45422.4,-38500.2,0,9.80796e+32,3.14719e+43
Moon,3.1536e+08,5.84466e+10,-4.16452e+10,0,33669,49769.2,0,9.80796e+32,3.14719e+43
Mars,3.1536e+08,-6.82023e+10,-3.71683e+12,0,1323.33,-8369.32,0,9.80796e+32,3.14719e+43
Jupiter,3.1536e+08,-2.33293e+12,-2.35992e+11,0,-9321.59,-5330.72,0,9.80796e+32,3.14719e+43
Saturn,3.1536e+08,6.97504e+11,1.40963e+11,0,-3720.75,18929.3,0,9.80796e+32,3.14719e+43
Uranus,3.1536e+08,7.90473e+11,1.50842e+12,0,-12452,922.018,0,9.80796e+32,3.14719e+43
Neptune,3.1536e+08,3.72906e+12,1.60201e+12,0,-5386.58,4220.57,0,9.80796e+32,3.14719e+43
Sun,3.78432e+08,0,0,0,0,-15.989,0,1.30262e+33,3.14987e+43
Mercury,3.78432e+08,1.37547e+11,5.50435e+11,0,2010.77,28037.2,0,1.30262e+33,3.14987e+43
Venus,3.78432e+08,4.57987e+11,-4.35398e+12,0,1691.73,-7832.84,0,1.30262e+33,3.14987e+43
Earth,3.78432e+08,-3.93537e+10,6.37239e+10,0,-50646,-31304.2,0,1.30262e+33,3.14987e+43
Moon,3.78432e+08,-2.40881e+10,-6.58183e+10,0,57777.4,-21151.4,0,1.30262e+33,3.14987e+43
Mars,3.78432e+08,1.5449e+10,-4.22617e+12,0,1327.11,-7836.67,0,1.30262e+33,3.14987e+43
Jupiter,3.78432e+08,-2.88013e+12,-5.65752e+11,0,-8122.45,-5152.64,0,1.30262e+33,3.14987e+43
Saturn,3.78432e+08,-2.3088e+11,6.76295e+11,0,-18184.2,-6259.39,0,1.30262e+33,3.14987e+43
Uranus,3.78432e+08,-2.67968e+10,1.47119e+12,0,-13228.5,-2360.98,0,1.30262e+33,3.14987e+43
Neptune,3.78432e+08,3.34076e+12,1.84642e+12,0,-6970.47,3443.56,0,1.30262e+33,3.14987e+43
Sun,4.41504e+08,0,0,0,0,-15.989,0,2.22808e+33,3.15189e+43
Mercury,4.41504e+08,2.07359e+11,2.02134e+12,0,820.396,21267.7,0,2.22808e+33,3.15189e+43
Venus,4.41504e+08,5.63291e+11,-4.83425e+12,0,1648.25,-7442.29,0,2.22808e+33,3.15189e+43
Earth,4.41504e+08,1.0309e+12,-4.6494e+11,0,15152.3,-2524.75,0,2.22808e+33,3.15189e+43
Moon,4.41504e+08,-7.00155e+10,-2.78908e+09,0,2380.93,-61506.6,0,2.22808e+33,3.15189e+43
Mars,4.41504e+08,9.90171e+10,-4.70569e+12,0,1321.78,-7415.82,0,2.22808e+33,3.15189e+43
Jupiter,4.41504e+08,-3.36579e+12,-8.83897e+11,0,-7324.85,-4969.7,0,2.22808e+33,3.15189e+43
Saturn,4.41504e+08,-6.36687e+11,-3.19132e+11,0,8570.35,-17300,0,2.22808e+33,3.15189e+43
Uranus,4.41504e+08,-8.34589e+11,1.20125e+12,0,-12015.2,-6118.88,0,2.22808e+33,3.15189e+43
Neptune,4.41504e+08,2.85019e+12,2.03431e+12,0,-8294.69,2634.42,0,2.22808e+33,3.15189e+43
Sun,5.04576e+08,0,0,0,0,-15.989,0,1.73606e+33,3.15247e+43
Mercury,5.04576e+08,2.54896e+11,3.31873e+12,0,710.111,20040,0,1.73606e+33,3.15247e+43
Venus,5.04576e+08,6.65998e+11,-5.29223e+12,0,1609.27,-7122.02,0,1.73606e+33,3.15247e+43
Earth,5.04576e+08,1.85806e+12,-5.72086e+11,0,11671.3,-1210.28,0,1.73606e+33,3.15247e+43
Moon,5.04576e+08,-2.80802e+10,6.41965e+10,0,-56365.9,-24710.5,0,1.73606e+33,3.15247e+43
Mars,5.04576e+08,1.82091e+11,-5.16122e+12,0,1311.98,-7071.43,0,1.73606e+33,3.15247e+43
Jupiter,5.04576e+08,-3.80865e+12,-1.19099e+12,0,-6745.96,-4803.29,0,1.73606e+33,3.15247e+43
Saturn,5.04576e+08,4.00149e+11,-5.91063e+11,0,15913.5,10813.2,0,1.73606e+33,3.15247e+43
Uranus,5.04576e+08,-1.51225e+12,7.35512e+11,0,-9405.87,-8354.56,0,1.73606e+33,3.15247e+43
Neptune,5.04576e+08,2.30896e+12,2.1873e+12,0,-8875.23,2156.17,0,1.73606e+33,3.15247e+43
Sun,5.67648e+08,0,0,0,0,-15.989,0,2.01519e+33,3.15376e+43
Mercury,5.67648e+08,2.98292e+11,4.5646e+12,0,671.123,19491.9,0,2.01519e+33,3.15376e+43
Venus,5.67648e+08,7.66373e+11,-5.7317e+12,0,1574.19,-6852.72,0,2.01519e+33,3.15376e+43
Earth,5.67648e+08,2.53973e+12,-6.31786e+11,0,10096.1,-772.254,0,2.01519e+33,3.15376e+43
Moon,5.67648e+08,4.64547e+10,5.24458e+10,0,-46063,40800.7,0,2.01519e+33,3.15376e+43
Mars,5.67648e+08,2.6447e+11,-5.59685e+12,0,1299.97,-6782.23,0,2.01519e+33,3.15376e+43
Jupiter,5.67648e+08,-4.21955e+12,-1.48818e+12,0,-6301.28,-4655.39,0,2.01519e+33,3.15376e+43
Saturn,5.67648e+08,5.28471e+11,4.76617e+11,0,-12904.7,14343.4,0,2.01519e+33,3.15376e+43
Uranus,5.67648e+08,-2.0275e+12,1.8302e+11,0,-7044.18,-9012.42,0,2.01519e+33,3.15376e+43
Neptune,5.67648e+08,1.73002e+12,2.30403e+12,0,-9483.91,1473.61,0,2.01519e+33,3.15376e+43
Sun,6.3072e+08,0,0,0,0,-15.989,0,2.2264e+33,3.15605e+43
Mercury,6.3072e+08,3.39944e+11,5.78428e+12,0,651.508,19176.6,0,2.2264e+33,3.15605e+43
Venus,6.3072e+08,8.64642e+11,-6.15545e+12,0,1542.41,-6621.85,0,2.2264e+33,3.15605e+43
Earth,6.3072e+08,3.14399e+12,-6.71786e+11,0,9129.48,-548.782,0,2.2264e+33,3.15605e+43
Moon,6.3072e+08,6.53742e+10,-2.51289e+10,0,21990.3,57489.3,0,2.2264e+33,3.15605e+43
Mars,6.3072e+08,3.46053e+11,-6.01561e+12,0,1286.91,-6534.49,0,2.2264e+33,3.15605e+43
Jupiter,6.3072e+08,-4.60538e+12,-1.77657e+12,0,-5945.76,-4524.12,0,2.2264e+33,3.15605e+43
Saturn,6.3072e+08,-5.44982e+11,4.5818e+11,0,-12398.4,-14802.9,0,2.2264e+33,3.15605e+43
Uranus,6.3072e+08,-2.4155e+12,-3.84693e+11,0,-5364.5,-8955.84,0,2.2264e+33,3.15605e+43
Neptune,6.3072e+08,1.11332e+12,2.36951e+12,0,-10057.2,521.082,0,2.2264e+33,3.15605e+43
Sun,6.93792e+08,0,0,0,0,-15.989,0,2.25438e+33,3.15715e+43
Mercury,6.93792e+08,3.80638e+11,6.98788e+12,0,639.787,18970.3,0,2.25438e+33,3.15715e+43
Venus,6.93792e+08,9.60998e+11,-6.56561e+12,0,1513.46,-6420.81,0,2.25438e+33,3.15715e+43
Earth,6.93792e+08,3.69734e+12,-7.00778e+11,0,8452.14,-412.279,0,2.25438e+33,3.15715e+43
Moon,6.93792e+08,4.57736e+09,-6.99122e+10,0,61412.9,4014.68,0,2.25438e+33,3.15715e+43
Mars,6.93792e+08,4.26798e+11,-6.41979e+12,0,1273.47,-6318.84,0,2.25438e+33,3.15715e+43
Jupiter,6.93792e+08,-4.97088e+12,-2.05715e+12,0,-5652.99,-4407.08,0,2.25438e+33,3.15715e+43
Saturn,6.93792e+08,-3.76232e+11,-6.03904e+11,0,16378.4,-10244.7,0,2.25438e+33,3.15715e+43
Uranus,6.93792e+08,-2.71523e+12,-9.40004e+11,0,-4210.4,-8666.84,0,2.25438e+33,3.15715e+43
Neptune,6.93792e+08,4.64664e+11,2.36517e+12,0,-10471.4,-742.604,0,2.25438e+33,3.15715e+43
Sun,7.56864e+08,0,0,0,0,-15.989,0,1.99229e+33,3.15741e+43
Mercury,7.56864e+08,4.20731e+11,8.18054e+12,0,632.031,18824.4,0,1.99229e+33,3.15741e+43
Venus,7.56864e+08,1.05561e+12,-6.96388e+12,0,1486.93,-6243.51,0,1.99229e+33,3.15741e+43
Earth,7.56864e+08,4.21361e+12,-7.2269e+11,0,7940.37,-319.949,0,1.99229e+33,3.15741e+43
Moon,7.56864e+08,-6.30761e+10,-3.05223e+10,0,26758,-55429,0,1.99229e+33,3.15741e+43
Mars,7.56864e+08,5.06693e+11,-6.81121e+12,0,1260.02,-6128.67,0,1.99229e+33,3.15741e+43
Jupiter,7.56864e+08,-5.31944e+12,-2.33074e+12,0,-5406.41,-4302.06,0,1.99229e+33,3.15741e+43
Saturn,7.56864e+08,6.50457e+11,-2.88494e+11,0,7809.81,17642.5,0,1.99229e+33,3.15741e+43
Uranus,7.56864e+08,-2.95377e+12,-1.47492e+12,0,-3398.46,-8325.34,0,1.99229e+33,3.15741e+43
Neptune,7.56864e+08,-2.00557e+11,2.27223e+12,0,-10552.4,-2268.35,0,1.99229e+33,3.15741e+43
Sun,8.19936e+08,0,0,0,0,-15.989,0,2.16068e+33,3.15888e+43
Mercury,8.19936e+08,4.60412e+11,9.36525e+12,0,626.531,18715.4,0,2.16068e+33,3.15888e+43
Venus,8.19936e+08,1.14861e+12,-7.35158e+12,0,1462.52,-6085.51,0,2.16068e+33,3.15888e+43
Earth,8.19936e+08,4.70117e+12,-7.39652e+11,0,7534.42,-253.217,0,2.16068e+33,3.15888e+43
Moon,8.19936e+08,-5.23567e+10,4.65272e+10,0,-40880.9,-46044.2,0,2.16068e+33,3.15888e+43
Mars,8.19936e+08,5.85746e+11,-7.1913e+12,0,1246.76,-5959.19,0,2.16068e+33,3.15888e+43
Jupiter,8.19936e+08,-5.65361e+12,-2.59803e+12,0,-5194.97,-4207.17,0,2.16068e+33,3.15888e+43
Saturn,8.19936e+08,2.92674e+11,7.75958e+11,0,-13112.7,12162.4,0,2.16068e+33,3.15888e+43
Uranus,8.19936e+08,-3.14852e+12,-1.98837e+12,0,-2806.66,-7991.51,0,2.16068e+33,3.15888e+43
Neptune,8.19936e+08,-8.56457e+11,2.07958e+12,0,-10163.9,-3860.5,0,2.16068e+33,3.15888e+43
Sun,8.83008e+08,0,0,0,0,-15.989,0,2.22583e+33,3.16075e+43
Mercury,8.83008e+08,4.99793e+11,1.05439e+13,0,622.43,18630.9,0,2.22583e+33,3.16075e+43
Venus,8.83008e+08,1.24013e+12,-7.72984e+12,0,1439.94,-5943.46,0,2.22583e+33,3.16075e+43
Earth,8.83008e+08,5.16556e+12,-7.52954e+11,0,7201.26,-202.733,0,2.22583e+33,3.16075e+43
Moon,8.83008e+08,2.13087e+10,6.67798e+10,0,-58597.7,18700,0,2.22583e+33,3.16075e+43
Mars,8.83008e+08,6.63972e+11,-7.56127e+12,0,1233.82,-5806.78,0,2.22583e+33,3.16075e+43
Jupiter,8.83008e+08,-5.97533e+12,-2.85961e+12,0,-5011.01,-4120.89,0,2.22583e+33,3.16075e+43
Saturn,8.83008e+08,-5.56371e+11,1.2738e+12,0,-12927,4885.2,0,2.22583e+33,3.16075e+43
Uranus,8.83008e+08,-3.31085e+12,-2.48153e+12,0,-2360.49,-7683.54,0,2.22583e+33,3.16075e+43
Neptune,8.83008e+08,-1.47329e+12,1.79175e+12,0,-9335.6,-5243.48,0,2.22583e+33,3.16075e+43
Sun,9.4608e+08,0,0,0,0,-15.989,0,2.05955e+33,3.16249e+43
Mercury,9.4608e+08,5.38947e+11,1.17178e+13,0,619.257,18563.3,0,2.05955e+33,3.16249e+43
Venus,9.4608e+08,1.33028e+12,-8.09958e+12,0,1418.96,-5814.78,0,2.05955e+33,3.16249e+43
Earth,9.4608e+08,5.61067e+12,-7.63438e+11,0,6920.79,-163.221,0,2.05955e+33,3.16249e+43
Moon,9.4608e+08,6.96851e+10,6.97562e+09,0,-6068.38,61254.3,0,2.05955e+33,3.16249e+43
Mars,9.4608e+08,7.41393e+11,-7.92208e+12,0,1221.24,-5668.64,0,2.05955e+33,3.16249e+43
Jupiter,9.4608e+08,-6.28617e+12,-3.11599e+12,0,-4848.99,-4041.97,0,2.05955e+33,3.16249e+43
Saturn,9.4608e+08,-1.31875e+12,1.49084e+12,0,-11310.5,2351.03,0,2.05955e+33,3.16249e+43
Uranus,9.4608e+08,-3.44837e+12,-2.9562e+12,0,-2014.09,-7404.94,0,2.05955e+33,3.16249e+43
Neptune,9.4608e+08,-2.02093e+12,1.42187e+12,0,-7696.19,-6687.16,0,2.05955e+33,3.16249e+43
Sun,1.00915e+09,0,0,0,0,-15.989,0,1.73748e+33,3.16409e+43
Mercury,1.00915e+09,5.77922e+11,1.28878e+13,0,616.73,18508,0,1.73748e+33,3.16409e+43
Venus,1.00915e+09,1.41916e+12,-8.46156e+12,0,1399.4,-5697.42,0,1.73748e+33,3.16409e+43
Earth,1.00915e+09,6.03941e+12,-7.71689e+11,0,6680.02,-131.469,0,1.73748e+33,3.16409e+43
Moon,1.00915e+09,2.60503e+10,-6.50235e+10,0,57141.2,22880.6,0,1.73748e+33,3.16409e+43
Mars,1.00915e+09,8.18033e+11,-8.27457e+12,0,1209.08,-5542.61,0,1.73748e+33,3.16409e+43
Jupiter,1.00915e+09,-6.58738e+12,-3.3676e+12,0,-4704.86,-3969.41,0,1.73748e+33,3.16409e+43
Saturn,1.00915e+09,-1.99263e+12,1.60041e+12,0,-10124.9,1219.12,0,1.73748e+33,3.16409e+43
Uranus,1.00915e+09,-3.5664e+12,-3.41419e+12,0,-1738.42,-7154.27,0,1.73748e+33,3.16409e+43
Neptune,1.00915e+09,-2.43023e+12,9.56325e+11,0,-5281.09,-7984.23,0,1.73748e+33,3.16409e+43
Sun,1.07222e+09,0,0,0,0,-15.989,0,1.51092e+33,3.16559e+43
Mercury,1.07222e+09,6.16753e+11,1.40547e+13,0,614.671,18461.8,0,1.51092e+33,3.16559e+43
Venus,1.07222e+09,1.50684e+12,-8.81646e+12,0,1381.09,-5589.78,0,1.51092e+33,3.16559e+43
Earth,1.07222e+09,6.45396e+12,-7.78125e+11,0,6470.07,-105.413,0,1.51092e+33,3.16559e+43
Moon,1.07222e+09,-6.90985e+10,-1.15187e+10,0,10190.5,-60722,0,1.51092e+33,3.16559e+43
Mars,1.07222e+09,8.93919e+11,-8.61945e+12,0,1197.32,-5426.95,0,1.51092e+33,3.16559e+43
Jupiter,1.07222e+09,-6.87997e+12,-3.61481e+12,0,-4575.51,-3902.37,0,1.51092e+33,3.16559e+43
Saturn,1.07222e+09,-2.60274e+12,1.65712e+12,0,-9264.28,601.552,0,1.51092e+33,3.16559e+43
Uranus,1.07222e+09,-3.66875e+12,-3.85718e+12,0,-1514.39,-6928.59,0,1.51092e+33,3.16559e+43
Neptune,1.07222e+09,-2.68825e+12,4.30409e+11,0,-2916.98,-8628.76,0,1.51092e+33,3.16559e+43
Sun,1.1353e+09,0,0,0,0,-15.989,0,1.36031e+33,3.16699e+43
Mercury,1.1353e+09,6.55467e+11,1.52188e+13,0,612.962,18422.8,0,1.36031e+33,3.16699e+43
Venus,1.1353e+09,1.5934e+12,-9.16484e+12,0,1363.91,-5490.56,0,1.36031e+33,3.16699e+43
Earth,1.1353e+09,6.85608e+12,-7.83059e+11,0,6284.68,-83.6609,0,1.36031e+33,3.16699e+43
Moon,1.1353e+09,-3.86323e+10,5.84934e+10,0,-51324.8,-33923.2,0,1.36031e+33,3.16699e+43
Mars,1.1353e+09,9.69076e+11,-8.95732e+12,0,1185.98,-5320.25,0,1.36031e+33,3.16699e+43
Jupiter,1.1353e+09,-7.16481e+12,-3.85794e+12,0,-4458.57,-3840.16,0,1.36031e+33,3.16699e+43
Saturn,1.1353e+09,-3.1656e+12,1.68319e+12,0,-8611.56,220.619,0,1.36031e+33,3.16699e+43
Uranus,1.1353e+09,-3.75824e+12,-4.28664e+12,0,-1329.1,-6724.76,0,1.36031e+33,3.16699e+43
Neptune,1.1353e+09,-2.80079e+12,-1.1934e+11,0,-675.17,-8758.87,0,1.36031e+33,3.16699e+43
Sun,1.19837e+09,0,0,0,0,-15.989,0,1.27041e+33,3.16831e+43
Mercury,1.19837e+09,6.94081e+11,1.63807e+13,0,611.521,18389.2,0,1.27041e+33,3.16831e+43
Venus,1.19837e+09,1.67891e+12,-9.5072e+12,0,1347.74,-5398.67,0,1.27041e+33,3.16831e+43
Earth,1.19837e+09,7.24716e+12,-7.86731e+11,0,6119.23,-65.2438,0,1.27041e+33,3.16831e+43
Moon,1.19837e+09,3.72543e+10,5.93369e+10,0,-52099.9,32748.8,0,1.27041e+33,3.16831e+43
Mars,1.19837e+09,1.04353e+12,-9.28871e+12,0,1175.04,-5221.38,0,1.27041e+33,3.16831e+43
Jupiter,1.19837e+09,-7.44262e+12,-4.09729e+12,0,-4352.15,-3782.21,0,1.27041e+33,3.16831e+43
Saturn,1.19837e+09,-3.69191e+12,1.68958e+12,0,-8096.55,-34.1413,0,1.27041e+33,3.16831e+43
Uranus,1.19837e+09,-3.83703e+12,-4.70385e+12,0,-1173.52,-6539.89,0,1.27041e+33,3.16831e+43
Neptune,1.19837e+09,-2.77661e+12,-6.63612e+11,0,1415.69,-8467.27,0,1.27041e+33,3.16831e+43
Sun,1.26144e+09,0,0,0,0,-15.989,0,1.23099e+33,3.16957e+43
Mercury,1.26144e+09,7.32611e+11,1.75406e+13,0,610.29,18360.2,0,1.23099e+33,3.16957e+43
Venus,1.26144e+09,1.76342e+12,-9.84397e+12,0,1332.48,-5313.24,0,1.23099e+33,3.16957e+43
Earth,1.26144e+09,7.62833e+12,-7.89328e+11,0,5970.27,-49.4627,0,1.23099e+33,3.16957e+43
Moon,1.26144e+09,6.48687e+10,-2.64387e+10,0,23226.1,56992.3,0,1.23099e+33,3.16957e+43
Mars,1.26144e+09,1.11731e+12,-9.61409e+12,0,1164.49,-5129.39,0,1.23099e+33,3.16957e+43
Jupiter,1.26144e+09,-7.714e+12,-4.33311e+12,0,-4254.76,-3728.03,0,1.23099e+33,3.16957e+43
Saturn,1.26144e+09,-4.18893e+12,1.68245e+12,0,-7677.19,-214.421,0,1.23099e+33,3.16957e+43
Uranus,1.26144e+09,-3.90676e+12,-5.10993e+12,0,-1041.19,-6371.47,0,1.23099e+33,3.16957e+43
Neptune,1.26144e+09,-2.62562e+12,-1.17776e+12,0,3344.57,-7810.59,0,1.23099e+33,3.16957e+43
Sun,1.32451e+09,0,0,0,0,-15.989,0,1.23766e+33,3.17076e+43
Mercury,1.32451e+09,7.71069e+11,1.86988e+13,0,609.226,18334.7,0,1.23766e+33,3.17076e+43
Venus,1.32451e+09,1.84701e+12,-1.01755e+13,0,1318.04,-5233.52,0,1.23766e+33,3.17076e+43
Earth,1.32451e+09,8.00056e+12,-7.90998e+11,0,5835.13,-35.8012,0,1.23766e+33,3.17076e+43
Moon,1.32451e+09,3.32079e+09,-6.99691e+10,0,61490.8,2893.91,0,1.23766e+33,3.17076e+43
Mars,1.32451e+09,1.19043e+12,-9.93386e+12,0,1154.32,-5043.48,0,1.23766e+33,3.17076e+43
Jupiter,1.32451e+09,-7.97949e+12,-4.56561e+12,0,-4165.16,-3677.23,0,1.23766e+33,3.17076e+43
Saturn,1.32451e+09,-4.6618e+12,1.66554e+12,0,-7327.15,-347.39,0,1.23766e+33,3.17076e+43
Uranus,1.32451e+09,-3.96875e+12,-5.50585e+12,0,-927.363,-6217.34,0,1.23766e+33,3.17076e+43
Neptune,1.32451e+09,-2.35828e+12,-1.63976e+12,0,5103.26,-6815.91,0,1.23766e+33,3.17076e+43
Sun,1.38758e+09,0,0,0,0,-15.989,0,1.2916e+33,3.17191e+43
Mercury,1.38758e+09,8.09464e+11,1.98555e+13,0,608.297,18312.2,0,1.2916e+33,3.17191e+43
Venus,1.38758e+09,1.9297e+12,-1.05022e+13,0,1304.34,-5158.88,0,1.2916e+33,3.17191e+43
Earth,1.38758e+09,8.36465e+12,-7.91863e+11,0,5711.73,-23.8696,0,1.2916e+33,3.17191e+43
Moon,1.38758e+09,-6.37314e+10,-2.90964e+10,0,25627,-55977.1,0,1.2916e+33,3.17191e+43
Mars,1.38758e+09,1.26293e+12,-1.02484e+13,0,1144.51,-4962.99,0,1.2916e+33,3.17191e+43
Jupiter,1.38758e+09,-8.23955e+12,-4.79501e+12,0,-4082.37,-3629.44,0,1.2916e+33,3.17191e+43
Saturn,1.38758e+09,-5.1143e+12,1.64131e+12,0,-7029.13,-448.602,0,1.2916e+33,3.17191e+43
Uranus,1.38758e+09,-4.02406e+12,-5.89246e+12,0,-828.5,-6075.67,0,1.2916e+33,3.17191e+43
Neptune,1.38758e+09,-1.98578e+12,-2.02851e+12,0,6675.2,-5486.43,0,1.2916e+33,3.17191e+43
Sun,1.45066e+09,0,0,0,0,-15.989,0,1.39955e+33,3.173e+43
Mercury,1.45066e+09,8.47804e+11,2.10109e+13,0,607.479,18292.1,0,1.39955e+33,3.173e+43
Venus,1.45066e+09,2.01156e+12,-1.08244e+13,0,1291.34,-5088.8,0,1.39955e+33,3.173e+43
Earth,1.45066e+09,8.72127e+12,-7.92022e+11,0,5598.39,-13.3681,0,1.39955e+33,3.173e+43
Moon,1.45066e+09,-5.11882e+10,4.80105e+10,0,-42033,-44833.5,0,1.39955e+33,3.173e+43
Mars,1.45066e+09,1.33481e+12,-1.0558e+13,0,1135.04,-4887.35,0,1.39955e+33,3.173e+43
Jupiter,1.45066e+09,-8.49459e+12,-5.02149e+12,0,-4005.56,-3584.38,0,1.39955e+33,3.173e+43
Saturn,1.45066e+09,-5.54932e+12,1.61143e+12,0,-6771.31,-527.565,0,1.39955e+33,3.173e+43
Uranus,1.45066e+09,-4.07352e+12,-6.27048e+12,0,-741.893,-5944.92,0,1.39955e+33,3.173e+43
Neptune,1.45066e+09,-1.52089e+12,-2.32248e+12,0,8025,-3806.85,0,1.39955e+33,3.173e+43
Sun,1.51373e+09,0,0,0,0,-15.989,0,1.57529e+33,3.17406e+43
Mercury,1.51373e+09,8.86095e+11,2.2165e+13,0,606.753,18274.2,0,1.57529e+33,3.17406e+43
Venus,1.51373e+09,2.09261e+12,-1.11422e+13,0,1278.95,-5022.82,0,1.57529e+33,3.17406e+43
Earth,1.51373e+09,9.07103e+12,-7.91558e+11,0,5493.77,-4.06229,0,1.57529e+33,3.17406e+43
Moon,1.51373e+09,2.67443e+10,6.47543e+10,0,-56859.7,23549.5,0,1.57529e+33,3.17406e+43
Mars,1.51373e+09,1.40611e+12,-1.0863e+13,0,1125.9,-4816.07,0,1.57529e+33,3.17406e+43
Jupiter,1.51373e+09,-8.74494e+12,-5.2452e+12,0,-3934.03,-3541.77,0,1.57529e+33,3.17406e+43
Saturn,1.51373e+09,-5.96912e+12,1.57711e+12,0,-6545.27,-590.398,0,1.57529e+33,3.17406e+43
Uranus,1.51373e+09,-4.11785e+12,-6.64056e+12,0,-665.445,-5823.8,0,1.57529e+33,3.17406e+43
Neptune,1.51373e+09,-9.7951e+11,-2.49877e+12,0,9086.36,-1749.77,0,1.57529e+33,3.17406e+43
Sun,1.5768e+09,0,0,0,0,-15.989,0,1.83732e+33,3.17508e+43
Mercury,1.5768e+09,9.24344e+11,2.33181e+13,0,606.105,18258,0,1.83732e+33,3.17508e+43
Venus,1.5768e+09,2.1729e+12,-1.1456e+13,0,1267.14,-4960.54,0,1.83732e+33,3.17508e+43
Earth,1.5768e+09,9.41444e+12,-7.90539e+11,0,5396.77,4.23392,0,1.83732e+33,3.17508e+43
Moon,1.5768e+09,7.00068e+10,2.30254e+09,0,-2029.78,61513.5,0,1.83732e+33,3.17508e+43
Mars,1.5768e+09,1.47685e+12,-1.11636e+13,0,1117.06,-4748.74,0,1.83732e+33,3.17508e+43
Jupiter,1.5768e+09,-8.99094e+12,-5.46629e+12,0,-3867.2,-3501.4,0,1.83732e+33,3.17508e+43
Saturn,1.5768e+09,-6.37551e+12,1.53923e+12,0,-6344.9,-641.206,0,1.83732e+33,3.17508e+43
Uranus,1.5768e+09,-4.15764e+12,-7.00327e+12,0,-597.508,-5711.19,0,1.83732e+33,3.17508e+43
Neptune,1.5768e+09,-3.8311e+11,-2.53263e+12,0,9745.59,713.348,0,1.83732e+33,3.17508e+43
Sun,1.63987e+09,0,0,0,0,-15.989,0,2.20933e+33,3.17607e+43
Mercury,1.63987e+09,9.62553e+11,2.44702e+13,0,605.523,18243.3,0,2.20933e+33,3.17607e+43
Venus,1.63987e+09,2.25246e+12,-1.1766e+13,0,1255.87,-4901.62,0,2.20933e+33,3.17607e+43
Earth,1.63987e+09,9.75194e+12,-7.89025e+11,0,5306.46,11.67,0,2.20933e+33,3.17607e+43
Moon,1.63987e+09,3.07686e+10,-6.29259e+10,0,55307.3,27021,0,2.20933e+33,3.17607e+43
Mars,1.63987e+09,1.54703e+12,-1.14601e+13,0,1108.51,-4684.98,0,2.20933e+33,3.17607e+43
Jupiter,1.63987e+09,-9.23286e+12,-5.6849e+12,0,-3804.58,-3463.06,0,2.20933e+33,3.17607e+43
Saturn,1.63987e+09,-6.76994e+12,1.49844e+12,0,-6165.61,-682.837,0,2.20933e+33,3.17607e+43
Uranus,1.63987e+09,-4.19338e+12,-7.35913e+12,0,-536.769,-5606.16,0,2.20933e+33,3.17607e+43
Neptune,1.63987e+09,2.37585e+11,-2.39804e+12,0,9818.74,3589,0,2.20933e+33,3.17607e+43
Sun,1.70294e+09,0,0,0,0,-15.989,0,2.24581e+33,3.17704e+43
Mercury,1.70294e+09,1.00073e+12,2.56214e+13,0,604.997,18230,0,2.24581e+33,3.17704e+43
Venus,1.70294e+09,2.33133e+12,-1.20724e+13,0,1245.08,-4845.77,0,2.24581e+33,3.17704e+43
Earth,1.70294e+09,1.00839e+13,-7.87066e+11,0,5222.09,18.3677,0,2.24581e+33,3.17704e+43
Moon,1.70294e+09,-4.48233e+10,-5.38363e+10,0,47351.4,-39346.6,0,2.24581e+33,3.17704e+43
Mars,1.70294e+09,1.61668e+12,-1.17526e+13,0,1100.25,-4624.48,0,2.24581e+33,3.17704e+43
Jupiter,1.70294e+09,-9.47094e+12,-5.90116e+12,0,-3745.72,-3426.59,0,2.24581e+33,3.17704e+43
Saturn,1.70294e+09,-7.15363e+12,1.45526e+12,0,-6003.87,-717.329,0,2.24581e+33,3.17704e+43
Uranus,1.70294e+09,-4.22548e+12,-7.70858e+12,0,-482.168,-5507.89,0,2.24581e+33,3.17704e+43
Neptune,1.70294e+09,8.46847e+11,-2.1153e+12,0,9438.98,5222,0,2.24581e+33,3.17704e+43
Sun,1.76602e+09,0,0,0,0,-15.989,0,2.24219e+33,3.178e+43
Mercury,1.76602e+09,1.03887e+12,2.67719e+13,0,604.52,18217.8,0,2.24219e+33,3.178e+43
Venus,1.76602e+09,2.40953e+12,-1.23753e+13,0,1234.74,-4792.71,0,2.24219e+33,3.178e+43
Earth,1.76602e+09,1.04108e+13,-7.84704e+11,0,5143.01,24.4266,0,2.24219e+33,3.178e+43
Moon,1.76602e+09,-6.75617e+10,1.876e+10,0,-16444.1,-59275.3,0,2.24219e+33,3.178e+43
Mars,1.76602e+09,1.68582e+12,-1.20415e+13,0,1092.24,-4566.96,0,2.24219e+33,3.178e+43
Jupiter,1.76602e+09,-9.70543e+12,-6.11516e+12,0,-3690.27,-3391.82,0,2.24219e+33,3.178e+43
Saturn,1.76602e+09,-7.5276e+12,1.41009e+12,0,-5856.95,-746.171,0,2.24219e+33,3.178e+43
Uranus,1.76602e+09,-4.25431e+12,-8.05203e+12,0,-432.843,-5415.69,0,2.24219e+33,3.178e+43
Neptune,1.76602e+09,1.41733e+12,-1.73794e+12,0,8432.17,6861.18,0,2.24219e+33,3.178e+43
Sun,1.82909e+09,0,0,0,0,-15.989,0,2.23774e+33,3.17896e+43
Mercury,1.82909e+09,1.07699e+12,2.79215e+13,0,604.084,18206.6,0,2.23774e+33,3.17896e+43
Venus,1.82909e+09,2.4871e+12,-1.2675e+13,0,1224.83,-4742.22,0,2.23774e+33,3.17896e+43
Earth,1.82909e+09,1.07328e+13,-7.81979e+11,0,5068.67,29.9297,0,2.23774e+33,3.17896e+43
Moon,1.82909e+09,-1.06787e+10,6.92565e+10,0,-60827.4,-9329.99,0,2.23774e+33,3.17896e+43
Mars,1.82909e+09,1.75447e+12,-1.23268e+13,0,1084.49,-4512.18,0,2.23774e+33,3.17896e+43
Jupiter,1.82909e+09,-9.93651e+12,-6.32703e+12,0,-3637.9,-3358.63,0,2.23774e+33,3.17896e+43
Saturn,1.82909e+09,-7.89271e+12,1.36325e+12,0,-5722.66,-770.478,0,2.23774e+33,3.17896e+43
Uranus,1.82909e+09,-4.28018e+12,-8.38984e+12,0,-388.083,-5328.96,0,2.23774e+33,3.17896e+43
Neptune,1.82909e+09,1.87506e+12,-1.23018e+12,0,5968.64,9081.99,0,2.23774e+33,3.17896e+43
Sun,1.89216e+09,0,0,0,0,-15.989,0,2.23463e+33,3.17993e+43
Mercury,1.89216e+09,1.11507e+12,2.90706e+13,0,603.686,18196.3,0,2.23463e+33,3.17993e+43
Venus,1.89216e+09,2.56405e+12,-1.29716e+13,0,1215.31,-4694.08,0,2.23463e+33,3.17993e+43
Earth,1.89216e+09,1.10503e+13,-7.78922e+11,0,4998.58,34.9462,0,2.23463e+33,3.17993e+43
Moon,1.89216e+09,5.87903e+10,3.80786e+10,0,-33475.4,51649.9,0,2.23463e+33,3.17993e+43
Mars,1.89216e+09,1.82263e+12,-1.26087e+13,0,1076.97,-4459.91,0,2.23463e+33,3.17993e+43
Jupiter,1.89216e+09,-1.01644e+13,-6.53685e+12,0,-3588.35,-3326.9,0,2.23463e+33,3.17993e+43
Saturn,1.89216e+09,-8.24971e+12,1.31499e+12,0,-5599.26,-791.098,0,2.23463e+33,3.17993e+43
Uranus,1.89216e+09,-4.30335e+12,-8.72233e+12,0,-347.301,-5247.18,0,2.23463e+33,3.17993e+43
Neptune,1.89216e+09,2.15855e+12,-6.08114e+11,0,2950.46,10457.5,0,2.23463e+33,3.17993e+43
Sun,1.95523e+09,0,0,0,0,-15.989,0,2.23312e+33,3.18091e+43
Mercury,1.95523e+09,1.15314e+12,3.02189e+13,0,603.319,18186.8,0,2.23312e+33,3.18091e+43
Venus,1.95523e+09,2.64041e+12,-1.32652e+13,0,1206.15,-4648.13,0,2.23312e+33,3.18091e+43
Earth,1.95523e+09,1.13634e+13,-7.75563e+11,0,4932.36,39.5343,0,2.23312e+33,3.18091e+43
Moon,1.95523e+09,5.88152e+10,-3.80474e+10,0,33440,51668.8,0,2.23312e+33,3.18091e+43
Mars,1.95523e+09,1.89033e+12,-1.28874e+13,0,1069.68,-4409.96,0,2.23312e+33,3.18091e+43
Jupiter,1.95523e+09,-1.03892e+13,-6.74471e+12,0,-3541.35,-3296.51,0,2.23312e+33,3.18091e+43
Saturn,1.95523e+09,-8.59923e+12,1.26553e+12,0,-5485.31,-808.687,0,2.23312e+33,3.18091e+43
Uranus,1.95523e+09,-4.32406e+12,-9.04982e+12,0,-310.002,-5169.88,0,2.23312e+33,3.18091e+43
Neptune,1.95523e+09,2.24146e+12,7.04587e+10,0,-341.92,10859.8,0,2.23312e+33,3.18091e+43
Sun,2.0183e+09,0,0,0,0,-15.989,0,2.23337e+33,3.18192e+43
Mercury,2.0183e+09,1.19118e+12,3.13667e+13,0,602.982,18178,0,2.23337e+33,3.18192e+43
Venus,2.0183e+09,2.7162e+12,-1.35559e+13,0,1197.34,-4604.2,0,2.23337e+33,3.18192e+43
Earth,2.0183e+09,1.16725e+13,-7.71926e+11,0,4869.63,43.7435,0,2.23337e+33,3.18192e+43
Moon,2.0183e+09,-1.06425e+10,-6.92226e+10,0,60866.7,-9299.99,0,2.23337e+33,3.18192e+43
Mars,2.0183e+09,1.95757e+12,-1.3163e+13,0,1062.6,-4362.16,0,2.23337e+33,3.18192e+43
Jupiter,2.0183e+09,-1.06112e+13,-6.95069e+12,0,-3496.7,-3267.37,0,2.23337e+33,3.18192e+43
Saturn,2.0183e+09,-8.94182e+12,1.21505e+12,0,-5379.65,-823.761,0,2.23337e+33,3.18192e+43
Uranus,2.0183e+09,-4.34252e+12,-9.37255e+12,0,-275.771,-5096.67,0,2.23337e+33,3.18192e+43
Neptune,2.0183e+09,2.11609e+12,7.42484e+11,0,-3602.54,10251.5,0,2.23337e+33,3.18192e+43
Sun,2.08138e+09,0,0,0,0,-15.989,0,2.23455e+33,3.18294e+43
Mercury,2.08138e+09,1.2292e+12,3.2514e+13,0,602.669,18169.8,0,2.23455e+33,3.18294e+43
Venus,2.08138e+09,2.79145e+12,-1.3844e+13,0,1188.84,-4562.13,0,2.23455e+33,3.18294e+43
Earth,2.08138e+09,1.19778e+13,-7.68035e+11,0,4810.1,47.6157,0,2.23455e+33,3.18294e+43
Moon,2.08138e+09,-6.75664e+10,-1.87283e+10,0,16452.2,-59276.7,0,2.23455e+33,3.18294e+43
Mars,2.08138e+09,2.02437e+12,-1.34357e+13,0,1055.72,-4316.35,0,2.23455e+33,3.18294e+43
Jupiter,2.08138e+09,-1.08303e+13,-7.15488e+12,0,-3454.2,-3239.4,0,2.23455e+33,3.18294e+43
Saturn,2.08138e+09,-9.27799e+12,1.16368e+12,0,-5281.28,-836.729,0,2.23455e+33,3.18294e+43
Uranus,2.08138e+09,-4.3589e+12,-9.69079e+12,0,-244.257,-5027.21,0,2.23455e+33,3.18294e+43
Neptune,2.08138e+09,1.79423e+12,1.34559e+12,0,-6524.03,8691.38,0,2.23455e+33,3.18294e+43
Sun,2.14445e+09,0,0,0,0,-15.989,0,2.23684e+33,3.18398e+43
Mercury,2.14445e+09,1.2672e+12,3.36608e+13,0,602.379,18162.1,0,2.23684e+33,3.18398e+43
Venus,2.14445e+09,2.86617e+12,-1.41294e+13,0,1180.65,-4521.8,0,2.23684e+33,3.18398e+43
Earth,2.14445e+09,1.22793e+13,-7.63909e+11,0,4753.5,51.1869,0,2.23684e+33,3.18398e+43
Moon,2.14445e+09,-4.48545e+10,5.38582e+10,0,-47311.1,-39344.7,0,2.23684e+33,3.18398e+43
Mars,2.14445e+09,2.09074e+12,-1.37055e+13,0,1049.04,-4272.39,0,2.23684e+33,3.18398e+43
Jupiter,2.14445e+09,-1.10469e+13,-7.35733e+12,0,-3413.69,-3212.5,0,2.23684e+33,3.18398e+43
Saturn,2.14445e+09,-9.60816e+12,1.11155e+12,0,-5189.39,-847.918,0,2.23684e+33,3.18398e+43
Uranus,2.14445e+09,-4.37338e+12,-1.00048e+13,0,-215.159,-4961.16,0,2.23684e+33,3.18398e+43
Neptune,2.14445e+09,1.3058e+12,1.82376e+12,0,-8842.77,6320.87,0,2.23684e+33,3.18398e+43
Sun,2.20752e+09,0,0,0,0,-15.989,0,2.24022e+33,3.18502e+43
Mercury,2.20752e+09,1.30519e+12,3.48071e+13,0,602.109,18155,0,2.24022e+33,3.18502e+43
Venus,2.20752e+09,2.94039e+12,-1.44124e+13,0,1172.74,-4483.08,0,2.24022e+33,3.18502e+43
Earth,2.20752e+09,1.25774e+13,-7.59567e+11,0,4699.57,54.4884,0,2.24022e+33,3.18502e+43
Moon,2.20752e+09,3.07368e+10,6.29367e+10,0,-55325,26993.3,0,2.24022e+33,3.18502e+43
Mars,2.20752e+09,2.1567e+12,-1.39726e+13,0,1042.54,-4230.15,0,2.24022e+33,3.18502e+43
Jupiter,2.20752e+09,-1.1261e+13,-7.55812e+12,0,-3375.01,-3186.62,0,2.24022e+33,3.18502e+43
Saturn,2.20752e+09,-9.93272e+12,1.05877e+12,0,-5103.28,-857.597,0,2.24022e+33,3.18502e+43
Uranus,2.20752e+09,-4.38609e+12,-1.03147e+13,0,-188.218,-4898.27,0,2.24022e+33,3.18502e+43
Neptune,2.20752e+09,6.96098e+11,2.13256e+12,0,-10339.6,3362.84,0,2.24022e+33,3.18502e+43
Sun,2.27059e+09,0,0,0,0,-15.989,0,2.24423e+33,3.18606e+43
Mercury,2.27059e+09,1.34316e+12,3.5953e+13,0,601.858,18148.3,0,2.24423e+33,3.18606e+43
Venus,2.27059e+09,3.01411e+12,-1.4693e+13,0,1165.09,-4445.88,0,2.24423e+33,3.18606e+43
Earth,2.27059e+09,1.28722e+13,-7.55024e+11,0,4648.11,57.5473,0,2.24423e+33,3.18606e+43
Moon,2.27059e+09,7.00093e+10,-2.27791e+09,0,2003.44,61512.9,0,2.24423e+33,3.18606e+43
Mars,2.27059e+09,2.22226e+12,-1.42371e+13,0,1036.21,-4189.53,0,2.24423e+33,3.18606e+43
Jupiter,2.27059e+09,-1.14727e+13,-7.75731e+12,0,-3338.03,-3161.69,0,2.24423e+33,3.18606e+43
Saturn,2.27059e+09,-1.0252e+13,1.00542e+12,0,-5022.35,-865.984,0,2.24423e+33,3.18606e+43
Uranus,2.27059e+09,-4.39716e+12,-1.06207e+13,0,-163.21,-4838.28,0,2.24423e+33,3.18606e+43
Neptune,2.27059e+09,2.17692e+10,2.24338e+12,0,-10876.2,92.0728,0,2.24423e+33,3.18606e+43
Sun,2.33366e+09,0,0,0,0,-15.989,0,2.24859e+33,3.18709e+43
Mercury,2.33366e+09,1.38111e+12,3.70984e+13,0,601.622,18142.1,0,2.24859e+33,3.18709e+43
Venus,2.33366e+09,3.08736e+12,-1.49712e+13,0,1157.7,-4410.09,0,2.24859e+33,3.18709e+43
Earth,2.33366e+09,1.31638e+13,-7.50295e+11,0,4598.92,60.3872,0,2.24859e+33,3.18709e+43
Moon,2.33366e+09,2.65746e+10,-6.48001e+10,0,56968.3,23337.3,0,2.24859e+33,3.18709e+43
Mars,2.33366e+09,2.28742e+12,-1.44991e+13,0,1030.06,-4150.41,0,2.24859e+33,3.18709e+43
Jupiter,2.33366e+09,-1.16821e+13,-7.95495e+12,0,-3302.62,-3137.64,0,2.24859e+33,3.18709e+43
Saturn,2.33366e+09,-1.05664e+13,9.51572e+11,0,-4946.09,-873.26,0,2.24859e+33,3.18709e+43
Uranus,2.33366e+09,-4.40672e+12,-1.0923e+13,0,-139.943,-4780.98,0,2.24859e+33,3.18709e+43
Neptune,2.33366e+09,-6.54585e+11,2.14599e+12,0,-10403.4,-3188.05,0,2.24859e+33,3.18709e+43
Sun,2.39674e+09,0,0,0,0,-15.989,0,2.2526e+33,3.1881e+43
Mercury,2.39674e+09,1.41905e+12,3.82435e+13,0,601.402,18136.2,0,2.2526e+33,3.1881e+43
Venus,2.39674e+09,3.16015e+12,-1.52473e+13,0,1150.54,-4375.62,0,2.2526e+33,3.1881e+43
Earth,2.39674e+09,1.34524e+13,-7.45394e+11,0,4551.85,63.0288,0,2.2526e+33,3.1881e+43
Moon,2.39674e+09,-4.82448e+10,-5.08698e+10,0,44655.7,-42311.3,0,2.2526e+33,3.1881e+43
Mars,2.39674e+09,2.3522e+12,-1.47587e+13,0,1024.06,-4112.7,0,2.2526e+33,3.1881e+43
Jupiter,2.39674e+09,-1.18893e+13,-8.1511e+12,0,-3268.68,-3114.43,0,2.2526e+33,3.1881e+43
Saturn,2.39674e+09,-1.0876e+13,8.97299e+11,0,-4874.05,-879.574,0,2.2526e+33,3.1881e+43
Uranus,2.39674e+09,-4.41485e+12,-1.12218e+13,0,-118.247,-4726.15,0,2.2526e+33,3.1881e+43
Neptune,2.39674e+09,-1.2702e+12,1.84946e+12,0,-8965.26,-6173.49,0,2.2526e+33,3.1881e+43
Sun,2.45981e+09,0,0,0,0,-15.989,0,2.25607e+33,3.18908e+43
Mercury,2.45981e+09,1.45697e+12,3.93882e+13,0,601.195,18130.6,0,2.25607e+33,3.18908e+43
Venus,2.45981e+09,3.2325e+12,-1.55212e+13,0,1143.6,-4342.39,0,2.25607e+33,3.18908e+43
Earth,2.45981e+09,1.37381e+13,-7.40331e+11,0,4506.73,65.4905,0,2.25607e+33,3.18908e+43
Moon,2.45981e+09,-6.60915e+10,2.32952e+10,0,-20482,-58041.9,0,2.25607e+33,3.18908e+43
Mars,2.45981e+09,2.4166e+12,-1.50159e+13,0,1018.22,-4076.32,0,2.25607e+33,3.18908e+43
Jupiter,2.45981e+09,-1.20945e+13,-8.34581e+12,0,-3236.1,-3092,0,2.25607e+33,3.18908e+43
Saturn,2.45981e+09,-1.11813e+13,8.42654e+11,0,-4805.84,-885.054,0,2.25607e+33,3.18908e+43
Uranus,2.45981e+09,-4.42166e+12,-1.15172e+13,0,-97.9745,-4673.64,0,2.25607e+33,3.18908e+43
Neptune,2.45981e+09,-1.76795e+12,1.38131e+12,0,-6695.16,-8587.6,0,2.25607e+33,3.18908e+43
Sun,2.52288e+09,0,0,0,0,-15.989,0,2.2584e+33,3.19002e+43
Mercury,2.52288e+09,1.49488e+12,4.05326e+13,0,601,18125.4,0,2.2584e+33,3.19002e+43
Venus,2.52288e+09,3.30442e+12,-1.5793e+13,0,1136.88,-4310.33,0,2.2584e+33,3.19002e+43
Earth,2.52288e+09,1.40209e+13,-7.35119e+11,0,4463.43,67.7884,0,2.2584e+33,3.19002e+43
Moon,2.52288e+09,-6.69976e+09,6.97182e+10,0,-61284.2,-5916.62,0,2.2584e+33,3.19002e+43
Mars,2.52288e+09,2.48064e+12,-1.52709e+13,0,1012.52,-4041.18,0,2.2584e+33,3.19002e+43
Jupiter,2.52288e+09,-1.22976e+13,-8.53914e+12,0,-3204.8,-3070.31,0,2.2584e+33,3.19002e+43
Saturn,2.52288e+09,-1.14823e+13,7.87687e+11,0,-4741.14,-889.805,0,2.2584e+33,3.19002e+43
Uranus,2.52288e+09,-4.42724e+12,-1.18094e+13,0,-78.9955,-4623.27,0,2.2584e+33,3.19002e+43
Neptune,2.52288e+09,-2.10164e+12,7.84973e+11,0,-3803.43,-10206.5,0,2.2584e+33,3.19002e+43
Sun,2.58595e+09,0,0,0,0,-15.989,0,2.25941e+33,3.19092e+43
Mercury,2.58595e+09,1.53278e+12,4.16766e+13,0,600.817,18120.4,0,2.25941e+33,3.19092e+43
Venus,2.58595e+09,3.37592e+12,-1.60629e+13,0,1130.36,-4279.37,0,2.25941e+33,3.19092e+43
Earth,2.58595e+09,1.43011e+13,-7.29767e+11,0,4421.82,69.9366,0,2.25941e+33,3.19092e+43
Moon,2.58595e+09,-6.9584e+10,-7.97874e+09,0,6990.18,-61183.8,0,2.25941e+33,3.19092e+43
Mars,2.58595e+09,2.54433e+12,-1.55237e+13,0,1006.96,-4007.22,0,2.25941e+33,3.19092e+43
Jupiter,2.58595e+09,-1.24988e+13,-8.73111e+12,0,-3174.69,-3049.32,0,2.25941e+33,3.19092e+43
Saturn,2.58595e+09,-1.17794e+13,7.32441e+11,0,-4679.63,-893.918,0,2.25941e+33,3.19092e+43
Uranus,2.58595e+09,-4.43165e+12,-1.20985e+13,0,-61.195,-4574.9,0,2.25941e+33,3.19092e+43
Neptune,2.58595e+09,-2.24027e+12,1.1578e+11,0,-558.033,-10879.8,0,2.25941e+33,3.19092e+43
Sun,2.64902e+09,0,0,0,0,-15.989,0,2.2586e+33,3.19178e+43
Mercury,2.64902e+09,1.57067e+12,4.28204e+13,0,600.644,18115.7,0,2.2586e+33,3.19178e+43
Venus,2.64902e+09,3.44701e+12,-1.63309e+13,0,1124.02,-4249.44,0,2.2586e+33,3.19178e+43
Earth,2.64902e+09,1.45787e+13,-7.24283e+11,0,4381.8,71.948,0,2.2586e+33,3.19178e+43
Moon,2.64902e+09,-3.5082e+10,6.07387e+10,0,-53201.2,-30821.4,0,2.2586e+33,3.19178e+43
Mars,2.64902e+09,2.60767e+12,-1.57744e+13,0,1001.53,-3974.36,0,2.2586e+33,3.19178e+43
Jupiter,2.64902e+09,-1.26981e+13,-8.92179e+12,0,-3145.7,-3028.99,0,2.2586e+33,3.19178e+43
Saturn,2.64902e+09,-1.20727e+13,6.76953e+11,0,-4621.06,-897.47,0,2.2586e+33,3.19178e+43
Uranus,2.64902e+09,-4.43498e+12,-1.23845e+13,0,-44.4711,-4528.41,0,2.2586e+33,3.19178e+43
Neptune,2.64902e+09,-2.17092e+12,-5.6416e+11,0,2740.09,-10544.5,0,2.2586e+33,3.19178e+43
Sun,2.7121e+09,0,0,0,0,-15.989,0,2.25642e+33,3.19259e+43
Mercury,2.7121e+09,1.60855e+12,4.39638e+13,0,600.48,18111.3,0,2.25642e+33,3.19259e+43
Venus,2.7121e+09,3.51771e+12,-1.6597e+13,0,1117.87,-4220.5,0,2.25642e+33,3.19259e+43
Earth,2.7121e+09,1.48539e+13,-7.18677e+11,0,4343.26,73.8339,0,2.25642e+33,3.19259e+43
Moon,2.7121e+09,4.3005e+10,5.54062e+10,0,-48525.7,37734.4,0,2.25642e+33,3.19259e+43
Mars,2.7121e+09,2.67067e+12,-1.6023e+13,0,996.235,-3942.55,0,2.25642e+33,3.19259e+43
Jupiter,2.7121e+09,-1.28956e+13,-9.1112e+12,0,-3117.76,-3009.29,0,2.25642e+33,3.19259e+43
Saturn,2.7121e+09,-1.23624e+13,6.21257e+11,0,-4565.2,-900.527,0,2.25642e+33,3.19259e+43
Uranus,2.7121e+09,-4.43728e+12,-1.26677e+13,0,-28.7333,-4483.66,0,2.25642e+33,3.19259e+43
Neptune,2.7121e+09,-1.89997e+12,-1.19171e+12,0,5784.77,-9231.27,0,2.25642e+33,3.19259e+43
Sun,2.77517e+09,0,0,0,0,-15.989,0,2.2512e+33,3.19337e+43
Mercury,2.77517e+09,1.64642e+12,4.5107e+13,0,600.325,18107.1,0,2.2512e+33,3.19337e+43
Venus,2.77517e+09,3.58803e+12,-1.68613e+13,0,1111.89,-4192.48,0,2.2512e+33,3.19337e+43
Earth,2.77517e+09,1.51267e+13,-7.12955e+11,0,4306.11,75.6044,0,2.2512e+33,3.19337e+43
Moon,2.77517e+09,6.75351e+10,-1.86551e+10,0,16303.7,59330.1,0,2.2512e+33,3.19337e+43
Mars,2.77517e+09,2.73334e+12,-1.62697e+13,0,991.061,-3911.73,0,2.2512e+33,3.19337e+43
Jupiter,2.77517e+09,-1.30914e+13,-9.29939e+12,0,-3090.81,-2990.17,0,2.2512e+33,3.19337e+43
Saturn,2.77517e+09,-1.26486e+13,5.65383e+11,0,-4511.84,-903.145,0,2.2512e+33,3.19337e+43
Uranus,2.77517e+09,-4.43862e+12,-1.29481e+13,0,-13.9008,-4440.55,0,2.2512e+33,3.19337e+43
Neptune,2.77517e+09,-1.4531e+12,-1.70896e+12,0,8281.26,-7070,0,2.2512e+33,3.19337e+43
Sun,2.83824e+09,0,0,0,0,-15.989,0,2.24452e+33,3.19412e+43
Mercury,2.83824e+09,1.68428e+12,4.625e+13,0,600.178,18103.1,0,2.24452e+33,3.19412e+43
Venus,2.83824e+09,3.65797e+12,-1.71238e+13,0,1106.08,-4165.33,0,2.24452e+33,3.19412e+43
Earth,2.83824e+09,1.53971e+13,-7.07125e+11,0,4270.27,77.2686,0,2.24452e+33,3.19412e+43
Moon,2.83824e+09,7.11181e+09,-6.96819e+10,0,61244.8,6234.61,0,2.24452e+33,3.19412e+43
Mars,2.83824e+09,2.79569e+12,-1.65145e+13,0,986.005,-3881.84,0,2.24452e+33,3.19412e+43
Jupiter,2.83824e+09,-1.32855e+13,-9.48639e+12,0,-3064.79,-2971.62,0,2.24452e+33,3.19412e+43
Saturn,2.83824e+09,-1.29316e+13,5.09356e+11,0,-4460.79,-905.375,0,2.24452e+33,3.19412e+43
Uranus,2.83824e+09,-4.43905e+12,-1.32259e+13,0,0.0987061,-4398.99,0,2.24452e+33,3.19412e+43
Neptune,2.83824e+09,-8.7145e+11,-2.06766e+12,0,10018.4,-4247.71,0,2.24452e+33,3.19412e+43
Sun,2.90131e+09,0,0,0,0,-15.989,0,2.23744e+33,3.19485e+43
Mercury,2.90131e+09,1.72213e+12,4.73926e+13,0,600.038,18099.2,0,2.23744e+33,3.19485e+43
Venus,2.90131e+09,3.72755e+12,-1.73847e+13,0,1100.42,-4139.01,0,2.23744e+33,3.19485e+43
Earth,2.90131e+09,1.56653e+13,-7.01193e+11,0,4235.65,78.8348,0,2.23744e+33,3.19485e+43
Moon,2.90131e+09,-6.08884e+10,-3.46131e+10,0,30416,-53545.4,0,2.23744e+33,3.19485e+43
Mars,2.90131e+09,2.85772e+12,-1.67574e+13,0,981.061,-3852.85,0,2.23744e+33,3.19485e+43
Jupiter,2.90131e+09,-1.3478e+13,-9.67223e+12,0,-3039.64,-2953.6,0,2.23744e+33,3.19485e+43
Saturn,2.90131e+09,-1.32114e+13,4.532e+11,0,-4411.88,-907.257,0,2.23744e+33,3.19485e+43
Uranus,2.90131e+09,-4.43863e+12,-1.3501e+13,0,13.33,-4358.87,0,2.23744e+33,3.19485e+43
Neptune,2.90131e+09,-2.08951e+11,-2.23453e+12,0,10825.3,-1034.96,0,2.23744e+33,3.19485e+43
Sun,2.96438e+09,0,0,0,0,-15.989,0,2.23052e+33,3.19556e+43
Mercury,2.96438e+09,1.75997e+12,4.85351e+13,0,599.906,18095.6,0,2.23052e+33,3.19556e+43
Venus,2.96438e+09,3.79679e+12,-1.76439e+13,0,1094.91,-4113.49,0,2.23052e+33,3.19556e+43
Earth,2.96438e+09,1.59314e+13,-6.95165e+11,0,4202.18,80.3103,0,2.23052e+33,3.19556e+43
Moon,2.96438e+09,-5.59366e+10,4.21552e+10,0,-37047.6,-49185.4,0,2.23052e+33,3.19556e+43
Mars,2.96438e+09,2.91944e+12,-1.69985e+13,0,976.227,-3824.69,0,2.23052e+33,3.19556e+43
Jupiter,2.96438e+09,-1.36689e+13,-9.85696e+12,0,-3015.32,-2936.09,0,2.23052e+33,3.19556e+43
Saturn,2.96438e+09,-1.34881e+13,3.96935e+11,0,-4364.96,-908.831,0,2.23052e+33,3.19556e+43
Uranus,2.96438e+09,-4.43739e+12,-1.37737e+13,0,25.8515,-4320.11,0,2.23052e+33,3.19556e+43
Neptune,2.96438e+09,4.72923e+11,-2.19424e+12,0,10628.2,2270.49,0,2.23052e+33,3.19556e+43
Sun,3.02746e+09,0,0,0,0,-15.989,0,2.22436e+33,3.19628e+43
Mercury,3.02746e+09,1.7978e+12,4.96773e+13,0,599.779,18092.1,0,2.22436e+33,3.19628e+43
Venus,3.02746e+09,3.86567e+12,-1.79016e+13,0,1089.55,-4088.71,0,2.22436e+33,3.19628e+43
Earth,3.02746e+09,1.61955e+13,-6.89047e+11,0,4169.81,81.7018,0,2.22436e+33,3.19628e+43
Moon,3.02746e+09,1.54649e+10,6.83148e+10,0,-60043.3,13581,0,2.22436e+33,3.19628e+43
Mars,3.02746e+09,2.98087e+12,-1.72379e+13,0,971.497,-3797.34,0,2.22436e+33,3.19628e+43
Jupiter,3.02746e+09,-1.38584e+13,-1.00406e+13,0,-2991.79,-2919.06,0,2.22436e+33,3.19628e+43
Saturn,3.02746e+09,-1.3762e+13,3.40579e+11,0,-4319.91,-910.128,0,2.22436e+33,3.19628e+43
Uranus,3.02746e+09,-4.43538e+12,-1.4044e+13,0,37.7157,-4282.64,0,2.22436e+33,3.19628e+43
Neptune,3.02746e+09,1.11097e+12,-1.9506e+12,0,9446.48,5362.95,0,2.22436e+33,3.19628e+43
Sun,3.09053e+09,0,0,0,0,-15.989,0,2.21957e+33,3.197e+43
Mercury,3.09053e+09,1.83563e+12,5.08193e+13,0,599.659,18088.8,0,2.21957e+33,3.197e+43
Venus,3.09053e+09,3.93423e+12,-1.81577e+13,0,1084.32,-4064.64,0,2.21957e+33,3.197e+43
Earth,3.09053e+09,1.64575e+13,-6.82844e+11,0,4138.47,83.0155,0,2.21957e+33,3.197e+43
Moon,3.09053e+09,6.86457e+10,1.39414e+10,0,-12325.5,60297.8,0,2.21957e+33,3.197e+43
Mars,3.09053e+09,3.04199e+12,-1.74755e+13,0,966.868,-3770.75,0,2.21957e+33,3.197e+43
Jupiter,3.09053e+09,-1.40464e+13,-1.02232e+13,0,-2969,-2902.49,0,2.21957e+33,3.197e+43
Saturn,3.09053e+09,-1.40331e+13,2.8415e+11,0,-4276.58,-911.177,0,2.21957e+33,3.197e+43
Uranus,3.09053e+09,-4.43264e+12,-1.4312e+13,0,48.9703,-4246.39,0,2.21957e+33,3.197e+43
Neptune,3.09053e+09,1.64608e+12,-1.52623e+12,0,7389.61,7956.75,0,2.21957e+33,3.197e+43
Sun,3.1536e+09,0,0,0,0,-15.989,0,2.21648e+33,3.19775e+43
Mercury,3.1536e+09,1.87345e+12,5.19611e+13,0,599.544,18085.7,0,2.21648e+33,3.19775e+43
Venus,3.1536e+09,4.00246e+12,-1.84123e+13,0,1079.22,-4041.25,0,2.21648e+33,3.19775e+43
Earth,3.1536e+09,1.67175e+13,-6.7656e+11,0,4108.1,84.2568,0,2.21648e+33,3.19775e+43
Moon,3.1536e+09,4.10298e+10,-5.68599e+10,0,49861.3,35982.5,0,2.21648e+33,3.19775e+43
Mars,3.1536e+09,3.10283e+12,-1.77115e+13,0,962.336,-3744.88,0,2.21648e+33,3.19775e+43
Jupiter,3.1536e+09,-1.42329e+13,-1.04047e+13,0,-2946.91,-2886.36,0,2.21648e+33,3.19775e+43
Saturn,3.1536e+09,-1.43015e+13,2.27661e+11,0,-4234.88,-912.003,0,2.21648e+33,3.19775e+43
Uranus,3.1536e+09,-4.42921e+12,-1.45777e+13,0,59.6585,-4211.29,0,2.21648e+33,3.19775e+43
Neptune,3.1536e+09,2.02868e+12,-9.60457e+11,0,4647.64,9812.16,0,2.21648e+33,3.19775e+43
Sun,3.21667e+09,0,0,0,0,-15.989,0,2.21562e+33,3.19852e+43
Mercury,3.21667e+09,1.91126e+12,5.31027e+13,0,599.434,18082.6,0,2.21562e+33,3.19852e+43
Venus,3.21667e+09,4.07037e+12,-1.86655e+13,0,1074.24,-4018.51,0,2.21562e+33,3.19852e+43
Earth,3.21667e+09,1.69757e+13,-6.702e+11,0,4078.65,85.4309,0,2.21562e+33,3.19852e+43
Moon,3.21667e+09,-3.48476e+10,-6.08009e+10,0,53354.2,-30667.7,0,2.21562e+33,3.19852e+43
Mars,3.21667e+09,3.16339e+12,-1.79459e+13,0,957.898,-3719.71,0,2.21562e+33,3.19852e+43
Jupiter,3.21667e+09,-1.44181e+13,-1.05853e+13,0,-2925.49,-2870.65,0,2.21562e+33,3.19852e+43
Saturn,3.21667e+09,-1.45673e+13,1.71127e+11,0,-4194.7,-912.63,0,2.21562e+33,3.19852e+43
Uranus,3.21667e+09,-4.42513e+12,-1.48412e+13,0,69.8194,-4177.28,0,2.21562e+33,3.19852e+43
Neptune,3.21667e+09,2.22325e+12,-3.0567e+11,0,1473.72,10757.2,0,2.21562e+33,3.19852e+43
Sun,3.27974e+09,0,0,0,0,-15.989,0,2.21673e+33,3.19931e+43
Mercury,3.27974e+09,1.94906e+12,5.42442e+13,0,599.329,18079.7,0,2.21673e+33,3.19931e+43
Venus,3.27974e+09,4.13797e+12,-1.89172e+13,0,1069.39,-3996.38,0,2.21673e+33,3.19931e+43
Earth,3.27974e+09,1.7232e+13,-6.63768e+11,0,4050.09,86.5422,0,2.21673e+33,3.19931e+43
Moon,3.27974e+09,-6.9711e+10,6.80352e+09,0,-5971.03,-61290.3,0,2.21673e+33,3.19931e+43
Mars,3.27974e+09,3.22367e+12,-1.81787e+13,0,953.549,-3695.2,0,2.21673e+33,3.19931e+43
Jupiter,3.27974e+09,-1.4602e+13,-1.07648e+13,0,-2904.7,-2855.34,0,2.21673e+33,3.19931e+43
Saturn,3.27974e+09,-1.48307e+13,1.14559e+11,0,-4155.95,-913.077,0,2.21673e+33,3.19931e+43
Uranus,3.27974e+09,-4.42042e+12,-1.51026e+13,0,79.489,-4144.3,0,2.21673e+33,3.19931e+43
Neptune,3.27974e+09,2.21165e+12,3.77455e+11,0,-1838.84,10703.5,0,2.21673e+33,3.19931e+43
Sun,3.34282e+09,0,0,0,0,-15.989,0,2.21957e+33,3.20013e+43
Mercury,3.34282e+09,1.98686e+12,5.53854e+13,0,599.229,18076.9,0,2.21957e+33,3.20013e+43
Venus,3.34282e+09,4.20527e+12,-1.91676e+13,0,1064.65,-3974.85,0,2.21957e+33,3.20013e+43
Earth,3.34282e+09,1.74866e+13,-6.57267e+11,0,4022.35,87.595,0,2.21957e+33,3.20013e+43
Moon,3.34282e+09,-2.24216e+10,6.63628e+10,0,-58321.7,-19716.9,0,2.21957e+33,3.20013e+43
Mars,3.34282e+09,3.28368e+12,-1.841e+13,0,949.287,-3671.32,0,2.21957e+33,3.20013e+43
Jupiter,3.34282e+09,-1.47845e+13,-1.09434e+13,0,-2884.51,-2840.41,0,2.21957e+33,3.20013e+43
Saturn,3.34282e+09,-1.50916e+13,5.79681e+10,0,-4118.54,-913.36,0,2.21957e+33,3.20013e+43
Uranus,3.34282e+09,-4.41511e+12,-1.5362e+13,0,88.6999,-4112.29,0,2.21957e+33,3.20013e+43
Neptune,3.34282e+09,1.99483e+12,1.02555e+12,0,-4983.22,9654.69,0,2.21957e+33,3.20013e+43
Sun,3.40589e+09,0,0,0,0,-15.989,0,2.213e+33,3.20098e+43
Mercury,3.40589e+09,2.02465e+12,5.65265e+13,0,599.132,18074.3,0,2.213e+33,3.20098e+43
Venus,3.40589e+09,4.27227e+12,-1.94166e+13,0,1060.02,-3953.87,0,2.213e+33,3.20098e+43
Earth,3.40589e+09,1.77394e+13,-6.50702e+11,0,3995.4,88.5931,0,2.213e+33,3.20098e+43
Moon,3.40589e+09,5.13009e+10,4.76776e+10,0,-41905.4,45093.8,0,2.213e+33,3.20098e+43
Mars,3.40589e+09,3.34342e+12,-1.86398e+13,0,945.108,-3648.04,0,2.213e+33,3.20098e+43
Jupiter,3.40589e+09,-1.49658e+13,-1.11211e+13,0,-2864.9,-2825.85,0,2.213e+33,3.20098e+43
Saturn,3.40589e+09,-1.53502e+13,1.36402e+09,0,-4082.4,-913.497,0,2.213e+33,3.20098e+43
Uranus,3.40589e+09,-4.40924e+12,-1.56194e+13,0,97.4819,-4081.22,0,2.213e+33,3.20098e+43
Neptune,3.40589e+09,1.59669e+12,1.58157e+12,0,-7474.09,7863.55,0,2.213e+33,3.20098e+43
Sun,3.46896e+09,0,0,0,0,-15.989,0,2.17843e+33,3.20185e+43
Mercury,3.46896e+09,2.06244e+12,5.76674e+13,0,599.04,18071.7,0,2.17843e+33,3.20185e+43
Venus,3.46896e+09,4.33898e+12,-1.96643e+13,0,1055.49,-3933.43,0,2.17843e+33,3.20185e+43
Earth,3.46896e+09,1.79906e+13,-6.44076e+11,0,3969.21,89.5399,0,2.17843e+33,3.20185e+43
Moon,3.46896e+09,6.31249e+10,-3.03731e+10,0,26684.5,55455.6,0,2.17843e+33,3.20185e+43
Mars,3.46896e+09,3.4029e+12,-1.88682e+13,0,941.011,-3625.34,0,2.17843e+33,3.20185e+43
Jupiter,3.46896e+09,-1.51459e+13,-1.12979e+13,0,-2845.84,-2811.64,0,2.17843e+33,3.20185e+43
Saturn,3.46896e+09,-1.56066e+13,-5.52444e+10,0,-4047.44,-913.501,0,2.17843e+33,3.20185e+43
Uranus,3.46896e+09,-4.40282e+12,-1.58748e+13,0,105.862,-4051.03,0,2.17843e+33,3.20185e+43
Neptune,3.46896e+09,1.05922e+12,1.99836e+12,0,-9431.59,5227.71,0,2.17843e+33,3.20185e+43
Sun,3.53203e+09,0,0,0,0,-15.989,0,2.14987e+33,3.20272e+43
Mercury,3.53203e+09,2.10022e+12,5.88081e+13,0,598.951,18069.2,0,2.14987e+33,3.20272e+43
Venus,3.53203e+09,4.40542e+12,-1.99108e+13,0,1051.07,-3913.51,0,2.14987e+33,3.20272e+43
Earth,3.53203e+09,1.82401e+13,-6.37391e+11,0,3943.73,90.4387,0,2.14987e+33,3.20272e+43
Moon,3.53203e+09,-1.34122e+10,-6.87817e+10,0,60384.3,-11858.2,0,2.14987e+33,3.20272e+43
Mars,3.53203e+09,3.46212e+12,-1.90951e+13,0,936.991,-3603.19,0,2.14987e+33,3.20272e+43
Jupiter,3.53203e+09,-1.53248e+13,-1.14738e+13,0,-2827.29,-2797.76,0,2.14987e+33,3.20272e+43
Saturn,3.53203e+09,-1.58608e+13,-1.11849e+11,0,-4013.61,-913.385,0,2.14987e+33,3.20272e+43
Uranus,3.53203e+09,-4.39589e+12,-1.61284e+13,0,113.867,-4021.69,0,2.14987e+33,3.20272e+43
Neptune,3.53203e+09,4.25559e+11,2.23408e+12,0,-10506.8,2166.96,0,2.14987e+33,3.20272e+43
Sun,3.5951e+09,0,0,0,0,-15.989,0,2.12943e+33,3.20359e+43
Mercury,3.5951e+09,2.13799e+12,5.99487e+13,0,598.866,18066.9,0,2.12943e+33,3.20359e+43
Venus,3.5951e+09,4.47157e+12,-2.0156e+13,0,1046.75,-3894.08,0,2.12943e+33,3.20359e+43
Earth,3.5951e+09,1.84881e+13,-6.30652e+11,0,3918.94,91.2924,0,2.12943e+33,3.20359e+43
Moon,3.5951e+09,-6.99353e+10,-4.46633e+09,0,3948.67,-61423.8,0,2.12943e+33,3.20359e+43
Mars,3.5951e+09,3.52109e+12,-1.93207e+13,0,933.047,-3581.57,0,2.12943e+33,3.20359e+43
Jupiter,3.5951e+09,-1.55026e+13,-1.16488e+13,0,-2809.25,-2784.21,0,2.12943e+33,3.20359e+43
Saturn,3.5951e+09,-1.61129e+13,-1.68443e+11,0,-3980.85,-913.16,0,2.12943e+33,3.20359e+43
Uranus,3.5951e+09,-4.38846e+12,-1.63801e+13,0,121.518,-3993.15,0,2.12943e+33,3.20359e+43
Neptune,3.5951e+09,-2.46199e+11,2.2706e+12,0,-10635.6,-1042.63,0,2.12943e+33,3.20359e+43
Sun,3.65818e+09,0,0,0,0,-15.989,0,2.11843e+33,3.20446e+43
Mercury,3.65818e+09,2.17576e+12,6.10892e+13,0,598.784,18064.6,0,2.11843e+33,3.20446e+43
Venus,3.65818e+09,4.53746e+12,-2.04e+13,0,1042.52,-3875.13,0,2.11843e+33,3.20446e+43
Earth,3.65818e+09,1.87345e+13,-6.23859e+11,0,3894.79,92.1038,0,2.11843e+33,3.20446e+43
Moon,3.65818e+09,-3.1383e+10,6.26399e+10,0,-55035,-27573,0,2.11843e+33,3.20446e+43
Mars,3.65818e+09,3.57982e+12,-1.95449e+13,0,929.175,-3560.46,0,2.11843e+33,3.20446e+43
Jupiter,3.65818e+09,-1.56792e+13,-1.1823e+13,0,-2791.68,-2770.97,0,2.11843e+33,3.20446e+43
Saturn,3.65818e+09,-1.6363e+13,-2.2502e+11,0,-3949.1,-912.836,0,2.11843e+33,3.20446e+43
Uranus,3.65818e+09,-4.38057e+12,-1.66301e+13,0,128.837,-3965.37,0,2.11843e+33,3.20446e+43
Neptune,3.65818e+09,-8.96383e+11,2.10718e+12,0,-9830.72,-4129.22,0,2.11843e+33,3.20446e+43
Sun,3.72125e+09,0,0,0,0,-15.989,0,2.11753e+33,3.20531e+43
Mercury,3.72125e+09,2.21353e+12,6.22295e+13,0,598.706,18062.4,0,2.11753e+33,3.20531e+43
Venus,3.72125e+09,4.60308e+12,-2.06428e+13,0,1038.38,-3856.63,0,2.11753e+33,3.20531e+43
Earth,3.72125e+09,1.89794e+13,-6.17017e+11,0,3871.28,92.8753,0,2.11753e+33,3.20531e+43
Moon,3.72125e+09,4.40738e+10,5.44523e+10,0,-47890.8,38656.6,0,2.11753e+33,3.20531e+43
Mars,3.72125e+09,3.63831e+12,-1.97678e+13,0,925.374,-3539.84,0,2.11753e+33,3.20531e+43
Jupiter,3.72125e+09,-1.58547e+13,-1.19963e+13,0,-2774.56,-2758.03,0,2.11753e+33,3.20531e+43
Saturn,3.72125e+09,-1.66111e+13,-2.81573e+11,0,-3918.3,-912.422,0,2.11753e+33,3.20531e+43
Uranus,3.72125e+09,-4.37222e+12,-1.68783e+13,0,135.843,-3938.33,0,2.11753e+33,3.20531e+43
Neptune,3.72125e+09,-1.46831e+12,1.75964e+12,0,-8172.58,-6841.09,0,2.11753e+33,3.20531e+43
Sun,3.78432e+09,0,0,0,0,-15.989,0,2.12666e+33,3.20613e+43
Mercury,3.78432e+09,2.25128e+12,6.33697e+13,0,598.63,18060.3,0,2.12666e+33,3.20613e+43
Venus,3.78432e+09,4.66845e+12,-2.08845e+13,0,1034.32,-3838.56,0,2.12666e+33,3.20613e+43
Earth,3.78432e+09,1.92229e+13,-6.10128e+11,0,3848.35,93.6094,0,2.12666e+33,3.20613e+43
Moon,3.78432e+09,6.77724e+10,-1.79804e+10,0,15760.5,59430.5,0,2.12666e+33,3.20613e+43
Mars,3.78432e+09,3.69655e+12,-1.99895e+13,0,921.642,-3519.68,0,2.12666e+33,3.20613e+43
Jupiter,3.78432e+09,-1.60292e+13,-1.21689e+13,0,-2757.88,-2745.37,0,2.12666e+33,3.20613e+43
Saturn,3.78432e+09,-1.68573e+13,-3.38098e+11,0,-3888.4,-911.927,0,2.12666e+33,3.20613e+43
Uranus,3.78432e+09,-4.36344e+12,-1.71249e+13,0,142.556,-3911.99,0,2.12666e+33,3.20613e+43
Neptune,3.78432e+09,-1.91227e+12,1.25876e+12,0,-5800.83,-8958.45,0,2.12666e+33,3.20613e+43
Sun,3.84739e+09,0,0,0,0,-15.989,0,2.14548e+33,3.20692e+43
Mercury,3.84739e+09,2.28904e+12,6.45097e+13,0,598.557,18058.2,0,2.14548e+33,3.20692e+43
Venus,3.84739e+09,4.73356e+12,-2.1125e+13,0,1030.35,-3820.91,0,2.14548e+33,3.20692e+43
Earth,3.84739e+09,1.94649e+13,-6.03193e+11,0,3826,94.3083,0,2.14548e+33,3.20692e+43
Moon,3.84739e+09,1.13156e+10,-6.91566e+10,0,60738.4,9859.8,0,2.14548e+33,3.20692e+43
Mars,3.84739e+09,3.75457e+12,-2.02098e+13,0,917.975,-3499.98,0,2.14548e+33,3.20692e+43
Jupiter,3.84739e+09,-1.62026e+13,-1.23406e+13,0,-2741.62,-2732.99,0,2.14548e+33,3.20692e+43
Saturn,3.84739e+09,-1.71016e+13,-3.94589e+11,0,-3859.38,-911.358,0,2.14548e+33,3.20692e+43
Uranus,3.84739e+09,-4.35424e+12,-1.73698e+13,0,148.991,-3886.31,0,2.14548e+33,3.20692e+43
Neptune,3.84739e+09,-2.18902e+12,6.4788e+11,0,-2906.04,-10303.5,0,2.14548e+33,3.20692e+43
Sun,3.91046e+09,0,0,0,0,-15.989,0,2.1723e+33,3.20767e+43
Mercury,3.91046e+09,2.32679e+12,6.56496e+13,0,598.486,18056.2,0,2.1723e+33,3.20767e+43
Venus,3.91046e+09,4.79842e+12,-2.13645e+13,0,1026.47,-3803.67,0,2.1723e+33,3.20767e+43
Earth,3.91046e+09,1.97055e+13,-5.96215e+11,0,3804.19,94.9738,0,2.1723e+33,3.20767e+43
Moon,3.91046e+09,-5.85248e+10,-3.84908e+10,0,33836.3,-51444.2,0,2.1723e+33,3.20767e+43
Mars,3.91046e+09,3.81235e+12,-2.0429e+13,0,914.372,-3480.71,0,2.1723e+33,3.20767e+43
Jupiter,3.91046e+09,-1.63751e+13,-1.25116e+13,0,-2725.76,-2720.88,0,2.1723e+33,3.20767e+43
Saturn,3.91046e+09,-1.73442e+13,-4.51042e+11,0,-3831.17,-910.721,0,2.1723e+33,3.20767e+43
Uranus,3.91046e+09,-4.34465e+12,-1.76131e+13,0,155.165,-3861.27,0,2.1723e+33,3.20767e+43
Neptune,3.91046e+09,-2.27273e+12,-2.00216e+10,0,278.395,-10750.5,0,2.1723e+33,3.20767e+43
Sun,3.97354e+09,0,0,0,0,-15.989,0,2.20497e+33,3.20839e+43
Mercury,3.97354e+09,2.36453e+12,6.67894e+13,0,598.418,18054.3,0,2.20497e+33,3.20839e+43
Venus,3.97354e+09,4.86304e+12,-2.16028e+13,0,1022.66,-3786.81,0,2.20497e+33,3.20839e+43
Earth,3.97354e+09,1.99448e+13,-5.89196e+11,0,3782.91,95.6079,0,2.20497e+33,3.20839e+43
Moon,3.97354e+09,-5.90002e+10,3.77664e+10,0,-33190.5,-51858.6,0,2.20497e+33,3.20839e+43
Mars,3.97354e+09,3.86991e+12,-2.06469e+13,0,910.832,-3461.85,0,2.20497e+33,3.20839e+43
Jupiter,3.97354e+09,-1.65465e+13,-1.26818e+13,0,-2710.28,-2709.02,0,2.20497e+33,3.20839e+43
Saturn,3.97354e+09,-1.75849e+13,-5.07453e+11,0,-3803.74,-910.024,0,2.20497e+33,3.20839e+43
Uranus,3.97354e+09,-4.33467e+12,-1.78549e+13,0,161.091,-3836.85,0,2.20497e+33,3.20839e+43
Neptune,3.97354e+09,-2.1534e+12,-6.85981e+11,0,3486.23,-10237.5,0,2.20497e+33,3.20839e+43
Sun,4.03661e+09,0,0,0,0,-15.989,0,2.24088e+33,3.20907e+43
Mercury,4.03661e+09,2.40228e+12,6.79291e+13,0,598.353,18052.5,0,2.24088e+33,3.20907e+43
Venus,4.03661e+09,4.92742e+12,-2.18401e+13,0,1018.93,-3770.32,0,2.24088e+33,3.20907e+43
Earth,4.03661e+09,2.01827e+13,-5.82138e+11,0,3762.13,96.2124,0,2.24088e+33,3.20907e+43
Moon,4.03661e+09,1.0463e+10,6.92515e+10,0,-60877.1,9195.66,0,2.24088e+33,3.20907e+43
Mars,4.03661e+09,3.92725e+12,-2.08636e+13,0,907.351,-3443.4,0,2.24088e+33,3.20907e+43
Jupiter,4.03661e+09,-1.6717e+13,-1.28513e+13,0,-2695.17,-2697.4,0,2.24088e+33,3.20907e+43
Saturn,4.03661e+09,-1.7824e+13,-5.63818e+11,0,-3777.05,-909.27,0,2.24088e+33,3.20907e+43
Uranus,4.03661e+09,-4.32433e+12,-1.80951e+13,0,166.783,-3813.02,0,2.24088e+33,3.20907e+43
Neptune,4.03661e+09,-1.83846e+12,-1.28943e+12,0,6432.69,-8777.58,0,2.24088e+33,3.20907e+43
Sun,4.09968e+09,0,0,0,0,-15.989,0,2.23106e+33,3.20971e+43
Mercury,4.09968e+09,2.44001e+12,6.90686e+13,0,598.289,18050.7,0,2.23106e+33,3.20971e+43
Venus,4.09968e+09,4.99157e+12,-2.20764e+13,0,1015.27,-3754.2,0,2.23106e+33,3.20971e+43
Earth,4.09968e+09,2.04193e+13,-5.75043e+11,0,3741.83,96.7888,0,2.23106e+33,3.20971e+43
Moon,4.09968e+09,6.7561e+10,1.8749e+10,0,-16470.7,59240.1,0,2.23106e+33,3.20971e+43
Mars,4.09968e+09,3.98437e+12,-2.10792e+13,0,903.929,-3425.33,0,2.23106e+33,3.20971e+43
Jupiter,4.09968e+09,-1.68865e+13,-1.30201e+13,0,-2680.41,-2686.03,0,2.23106e+33,3.20971e+43
Saturn,4.09968e+09,-1.80614e+13,-6.20134e+11,0,-3751.08,-908.466,0,2.23106e+33,3.20971e+43
Uranus,4.09968e+09,-4.31364e+12,-1.83338e+13,0,172.253,-3789.74,0,2.23106e+33,3.20971e+43
Neptune,4.09968e+09,-1.36624e+12,-1.78372e+12,0,8566.75,-6692.46,0,2.23106e+33,3.20971e+43
Sun,4.16275e+09,0,0,0,0,-15.989,0,2.21133e+33,3.21034e+43
Mercury,4.16275e+09,2.47775e+12,7.02081e+13,0,598.228,18049,0,2.21133e+33,3.21034e+43
Venus,4.16275e+09,5.0555e+12,-2.23117e+13,0,1011.68,-3738.41,0,2.21133e+33,3.21034e+43
Earth,4.16275e+09,2.06547e+13,-5.67913e+11,0,3721.99,97.3387,0,2.21133e+33,3.21034e+43
Moon,4.16275e+09,4.47511e+10,-5.39466e+10,0,47385.8,39221.2,0,2.21133e+33,3.21034e+43
Mars,4.16275e+09,4.04127e+12,-2.12937e+13,0,900.564,-3407.63,0,2.21133e+33,3.21034e+43
Jupiter,4.16275e+09,-1.70551e+13,-1.31881e+13,0,-2666,-2674.88,0,2.21133e+33,3.21034e+43
Saturn,4.16275e+09,-1.82972e+13,-6.76398e+11,0,-3725.79,-907.616,0,2.21133e+33,3.21034e+43
Uranus,4.16275e+09,-4.30261e+12,-1.85711e+13,0,177.514,-3767.01,0,2.21133e+33,3.21034e+43
Neptune,4.16275e+09,-7.71267e+11,-2.11613e+12,0,10151.7,-3802.01,0,2.21133e+33,3.21034e+43
Sun,4.22582e+09,0,0,0,0,-15.989,0,2.19362e+33,3.21095e+43
Mercury,4.22582e+09,2.51548e+12,7.13474e+13,0,598.169,18047.3,0,2.19362e+33,3.21095e+43
Venus,4.22582e+09,5.11919e+12,-2.2546e+13,0,1008.16,-3722.97,0,2.19362e+33,3.21095e+43
Earth,4.22582e+09,2.08889e+13,-5.60748e+11,0,3702.6,97.8635,0,2.19362e+33,3.21095e+43
Moon,4.22582e+09,-3.09973e+10,-6.28113e+10,0,55212.4,-27252.3,0,2.19362e+33,3.21095e+43
Mars,4.22582e+09,4.09797e+12,-2.15071e+13,0,897.253,-3390.29,0,2.19362e+33,3.21095e+43
Jupiter,4.22582e+09,-1.72228e+13,-1.33555e+13,0,-2651.91,-2663.96,0,2.19362e+33,3.21095e+43
Saturn,4.22582e+09,-1.85314e+13,-7.32606e+11,0,-3701.14,-906.724,0,2.19362e+33,3.21095e+43
Uranus,4.22582e+09,-4.29125e+12,-1.8807e+13,0,182.576,-3744.8,0,2.19362e+33,3.21095e+43
Neptune,4.22582e+09,-1.05467e+11,-2.25441e+12,0,10797.6,-584.454,0,2.19362e+33,3.21095e+43
Sun,4.2889e+09,0,0,0,0,-15.989,0,2.1792e+33,3.21155e+43
Mercury,4.2889e+09,2.5532e+12,7.24867e+13,0,598.112,18045.7,0,2.1792e+33,3.21155e+43
Venus,4.2889e+09,5.18267e+12,-2.27793e+13,0,1004.7,-3707.84,0,2.1792e+33,3.21155e+43
Earth,4.2889e+09,2.11218e+13,-5.53551e+11,0,3683.64,98.3644,0,2.1792e+33,3.21155e+43
Moon,4.2889e+09,-6.99964e+10,2.71661e+09,0,-2388.84,-61529.5,0,2.1792e+33,3.21155e+43
Mars,4.2889e+09,4.15446e+12,-2.17194e+13,0,893.996,-3373.3,0,2.1792e+33,3.21155e+43
Jupiter,4.2889e+09,-1.73896e+13,-1.35222e+13,0,-2638.13,-2653.24,0,2.1792e+33,3.21155e+43
Saturn,4.2889e+09,-1.87641e+13,-7.88758e+11,0,-3677.12,-905.794,0,2.1792e+33,3.21155e+43
Uranus,4.2889e+09,-4.27958e+12,-1.90415e+13,0,187.449,-3723.09,0,2.1792e+33,3.21155e+43
Neptune,4.2889e+09,5.70004e+11,-2.1871e+12,0,10457.8,2668.12,0,2.1792e+33,3.21155e+43
Sun,4.35197e+09,0,0,0,0,-15.989,0,2.16939e+33,3.21216e+43
Mercury,4.35197e+09,2.59092e+12,7.36258e+13,0,598.056,18044.1,0,2.16939e+33,3.21216e+43
Venus,4.35197e+09,5.24593e+12,-2.30117e+13,0,1001.31,-3693.02,0,2.16939e+33,3.21216e+43
Earth,4.35197e+09,2.13535e+13,-5.46324e+11,0,3665.08,98.8428,0,2.16939e+33,3.21216e+43
Moon,4.35197e+09,-2.6047e+10,6.50171e+10,0,-57156.3,-22900.6,0,2.16939e+33,3.21216e+43
Mars,4.35197e+09,4.21074e+12,-2.19306e+13,0,890.791,-3356.65,0,2.16939e+33,3.21216e+43
Jupiter,4.35197e+09,-1.75556e+13,-1.36882e+13,0,-2624.66,-2642.74,0,2.16939e+33,3.21216e+43
Saturn,4.35197e+09,-1.89952e+13,-8.44849e+11,0,-3653.68,-904.829,0,2.16939e+33,3.21216e+43
Uranus,4.35197e+09,-4.26761e+12,-1.92747e+13,0,192.143,-3701.86,0,2.16939e+33,3.21216e+43
Neptune,4.35197e+09,1.19375e+12,-1.92119e+12,0,9170.69,5666.58,0,2.16939e+33,3.21216e+43
Sun,4.41504e+09,0,0,0,0,-15.989,0,2.16491e+33,3.21278e+43
Mercury,4.41504e+09,2.62864e+12,7.47648e+13,0,598.002,18042.6,0,2.16491e+33,3.21278e+43
Venus,4.41504e+09,5.30898e+12,-2.32432e+13,0,997.984,-3678.51,0,2.16491e+33,3.21278e+43
Earth,4.41504e+09,2.15841e+13,-5.39067e+11,0,3646.93,99.2998,0,2.16491e+33,3.21278e+43
Moon,4.41504e+09,4.83025e+10,5.07851e+10,0,-44602.8,42364,0,2.16491e+33,3.21278e+43
Mars,4.41504e+09,4.26683e+12,-2.21408e+13,0,887.636,-3340.32,0,2.16491e+33,3.21278e+43
Jupiter,4.41504e+09,-1.77207e+13,-1.38535e+13,0,-2611.48,-2632.44,0,2.16491e+33,3.21278e+43
Saturn,4.41504e+09,-1.9225e+13,-9.00879e+11,0,-3630.82,-903.833,0,2.16491e+33,3.21278e+43
Uranus,4.41504e+09,-4.25535e+12,-1.95065e+13,0,196.666,-3681.09,0,2.16491e+33,3.21278e+43
Neptune,4.41504e+09,1.70935e+12,-1.48121e+12,0,7054.25,8146.97,0,2.16491e+33,3.21278e+43
Sun,4.47811e+09,0,0,0,0,-15.989,0,2.16643e+33,3.21342e+43
Mercury,4.47811e+09,2.66636e+12,7.59038e+13,0,597.95,18041.1,0,2.16643e+33,3.21342e+43
Venus,4.47811e+09,5.37182e+12,-2.34737e+13,0,994.716,-3664.28,0,2.16643e+33,3.21342e+43
Earth,4.47811e+09,2.18136e+13,-5.31781e+11,0,3629.15,99.7365,0,2.16643e+33,3.21342e+43
Moon,4.47811e+09,6.62249e+10,-2.28896e+10,0,20120.9,58144.4,0,2.16643e+33,3.21342e+43
Mars,4.47811e+09,4.32271e+12,-2.23499e+13,0,884.53,-3324.3,0,2.16643e+33,3.21342e+43
Jupiter,4.47811e+09,-1.7885e+13,-1.40182e+13,0,-2598.58,-2622.33,0,2.16643e+33,3.21342e+43
Saturn,4.47811e+09,-1.94533e+13,-9.56845e+11,0,-3608.5,-902.809,0,2.16643e+33,3.21342e+43
Uranus,4.47811e+09,-4.24281e+12,-1.9737e+13,0,201.026,-3660.77,0,2.16643e+33,3.21342e+43
Neptune,4.47811e+09,2.07006e+12,-9.07026e+11,0,4295.5,9890,0,2.16643e+33,3.21342e+43
Sun,4.54118e+09,0,0,0,0,-15.989,0,2.17373e+33,3.21409e+43
Mercury,4.54118e+09,2.70407e+12,7.70426e+13,0,597.9,18039.7,0,2.17373e+33,3.21409e+43
Venus,4.54118e+09,5.43446e+12,-2.37034e+13,0,991.506,-3650.34,0,2.17373e+33,3.21409e+43
Earth,4.54118e+09,2.20419e+13,-5.24469e+11,0,3611.75,100.154,0,2.17373e+33,3.21409e+43
Moon,4.54118e+09,6.06301e+09,-6.97863e+10,0,61324.3,5364.58,0,2.17373e+33,3.21409e+43
Mars,4.54118e+09,4.37841e+12,-2.25581e+13,0,881.472,-3308.58,0,2.17373e+33,3.21409e+43
Jupiter,4.54118e+09,-1.80485e+13,-1.41823e+13,0,-2585.95,-2612.4,0,2.17373e+33,3.21409e+43
Saturn,4.54118e+09,-1.96802e+13,-1.01275e+12,0,-3586.71,-901.758,0,2.17373e+33,3.21409e+43
Uranus,4.54118e+09,-4.22999e+12,-1.99663e+13,0,205.232,-3640.88,0,2.17373e+33,3.21409e+43
Neptune,4.54118e+09,2.24276e+12,-2.50506e+11,0,1136.48,10737.5,0,2.17373e+33,3.21409e+43
Sun,4.60426e+09,0,0,0,0,-15.989,0,2.18604e+33,3.21479e+43
Mercury,4.60426e+09,2.74178e+12,7.81814e+13,0,597.851,18038.3,0,2.18604e+33,3.21479e+43
Venus,4.60426e+09,5.4969e+12,-2.39322e+13,0,988.353,-3636.66,0,2.18604e+33,3.21479e+43
Earth,4.60426e+09,2.22692e+13,-5.17131e+11,0,3594.7,100.553,0,2.18604e+33,3.21479e+43
Moon,4.60426e+09,-6.4144e+10,-2.8207e+10,0,24773.9,-56349.3,0,2.18604e+33,3.21479e+43
Mars,4.60426e+09,4.43391e+12,-2.27653e+13,0,878.46,-3293.16,0,2.18604e+33,3.21479e+43
Jupiter,4.60426e+09,-1.82112e+13,-1.43458e+13,0,-2573.58,-2602.66,0,2.18604e+33,3.21479e+43
Saturn,4.60426e+09,-1.99057e+13,-1.06858e+12,0,-3565.42,-900.684,0,2.18604e+33,3.21479e+43
Uranus,4.60426e+09,-4.21692e+12,-2.01943e+13,0,209.291,-3621.4,0,2.18604e+33,3.21479e+43
Neptune,4.60426e+09,2.21087e+12,4.28809e+11,0,-2143.24,10605.6,0,2.18604e+33,3.21479e+43
Sun,4.66733e+09,0,0,0,0,-15.989,0,2.20236e+33,3.21552e+43
Mercury,4.66733e+09,2.77949e+12,7.93201e+13,0,597.803,18037,0,2.20236e+33,3.21552e+43
Venus,4.66733e+09,5.55914e+12,-2.41601e+13,0,985.255,-3623.25,0,2.20236e+33,3.21552e+43
Earth,4.66733e+09,2.24954e+13,-5.09768e+11,0,3577.99,100.934,0,2.20236e+33,3.21552e+43
Moon,4.66733e+09,-5.18541e+10,4.7099e+10,0,-41407.2,-45567,0,2.20236e+33,3.21552e+43
Mars,4.66733e+09,4.48922e+12,-2.29715e+13,0,875.494,-3278.02,0,2.20236e+33,3.21552e+43
Jupiter,4.66733e+09,-1.83731e+13,-1.45086e+13,0,-2561.47,-2593.09,0,2.20236e+33,3.21552e+43
Saturn,4.66733e+09,-2.01299e+13,-1.12434e+12,0,-3544.61,-899.589,0,2.20236e+33,3.21552e+43
Uranus,4.66733e+09,-4.2036e+12,-2.04211e+13,0,213.209,-3602.33,0,2.20236e+33,3.21552e+43
Neptune,4.66733e+09,1.97609e+12,1.0687e+12,0,-5247.69,9494.63,0,2.20236e+33,3.21552e+43
Sun,4.7304e+09,0,0,0,0,-15.989,0,2.21128e+33,3.21627e+43
Mercury,4.7304e+09,2.81719e+12,8.04587e+13,0,597.757,18035.6,0,2.21128e+33,3.21627e+43
Venus,4.7304e+09,5.62118e+12,-2.43872e+13,0,982.21,-3610.09,0,2.21128e+33,3.21627e+43
Earth,4.7304e+09,2.27205e+13,-5.02382e+11,0,3561.61,101.299,0,2.21128e+33,3.21627e+43
Moon,4.7304e+09,2.19496e+10,6.65573e+10,0,-58447.6,19215.6,0,2.21128e+33,3.21627e+43
Mars,4.7304e+09,4.54435e+12,-2.31768e+13,0,872.571,-3263.15,0,2.21128e+33,3.21627e+43
Jupiter,4.7304e+09,-1.85343e+13,-1.46708e+13,0,-2549.6,-2583.7,0,2.21128e+33,3.21627e+43
Saturn,4.7304e+09,-2.03529e+13,-1.18004e+12,0,-3524.26,-898.475,0,2.21128e+33,3.21627e+43
Uranus,4.7304e+09,-4.19003e+12,-2.06467e+13,0,216.994,-3583.63,0,2.21128e+33,3.21627e+43
Neptune,4.7304e+09,1.56137e+12,1.61203e+12,0,-7747.09,7614.16,0,2.21128e+33,3.21627e+43
Sun,4.79347e+09,0,0,0,0,-15.989,0,2.20031e+33,3.21705e+43
Mercury,4.79347e+09,2.85489e+12,8.15972e+13,0,597.712,18034.4,0,2.20031e+33,3.21705e+43
Venus,4.79347e+09,5.68304e+12,-2.46135e+13,0,979.217,-3597.18,0,2.20031e+33,3.21705e+43
Earth,4.79347e+09,2.29447e+13,-4.94973e+11,0,3545.56,101.648,0,2.20031e+33,3.21705e+43
Moon,4.79347e+09,6.9735e+10,7.11077e+09,0,-6220.23,61187.3,0,2.20031e+33,3.21705e+43
Mars,4.79347e+09,4.59929e+12,-2.33811e+13,0,869.691,-3248.55,0,2.20031e+33,3.21705e+43
Jupiter,4.79347e+09,-1.86948e+13,-1.48325e+13,0,-2537.97,-2574.47,0,2.20031e+33,3.21705e+43
Saturn,4.79347e+09,-2.05745e+13,-1.23566e+12,0,-3504.37,-897.344,0,2.20031e+33,3.21705e+43
Uranus,4.79347e+09,-4.17623e+12,-2.08711e+13,0,220.65,-3565.31,0,2.20031e+33,3.21705e+43
Neptune,4.79347e+09,1.00808e+12,2.01129e+12,0,-9658.86,4919.37,0,2.20031e+33,3.21705e+43
Sun,4.85654e+09,0,0,0,0,-15.989,0,2.19213e+33,3.21783e+43
Mercury,4.85654e+09,2.89259e+12,8.27356e+13,0,597.669,18033.1,0,2.19213e+33,3.21783e+43
Venus,4.85654e+09,5.7447e+12,-2.4839e+13,0,976.273,-3584.5,0,2.19213e+33,3.21783e+43
Earth,4.85654e+09,2.31678e+13,-4.87543e+11,0,3529.81,101.982,0,2.19213e+33,3.21783e+43
Moon,4.85654e+09,3.48456e+10,-6.07549e+10,0,53413.3,30608.3,0,2.19213e+33,3.21783e+43
Mars,4.85654e+09,4.65405e+12,-2.35846e+13,0,866.852,-3234.21,0,2.19213e+33,3.21783e+43
Jupiter,4.85654e+09,-1.88545e+13,-1.49936e+13,0,-2526.56,-2565.39,0,2.19213e+33,3.21783e+43
Saturn,4.85654e+09,-2.07949e+13,-1.29122e+12,0,-3484.9,-896.197,0,2.19213e+33,3.21783e+43
Uranus,4.85654e+09,-4.1622e+12,-2.10944e+13,0,224.184,-3547.35,0,2.19213e+33,3.21783e+43
Neptune,4.85654e+09,3.6193e+11,2.22545e+12,0,-10671.2,1790.41,0,2.19213e+33,3.21783e+43
Sun,4.91962e+09,0,0,0,0,-15.989,0,2.18705e+33,3.21862e+43
Mercury,4.91962e+09,2.93028e+12,8.3874e+13,0,597.626,18031.9,0,2.18705e+33,3.21862e+43
Venus,4.91962e+09,5.80619e+12,-2.50636e+13,0,973.379,-3572.06,0,2.18705e+33,3.21862e+43
Earth,4.91962e+09,2.33899e+13,-4.80092e+11,0,3514.36,102.302,0,2.18705e+33,3.21862e+43
Moon,4.91962e+09,-4.13625e+10,-5.65696e+10,0,49681.1,-36324.3,0,2.18705e+33,3.21862e+43
Mars,4.91962e+09,4.70864e+12,-2.37871e+13,0,864.055,-3220.12,0,2.18705e+33,3.21862e+43
Jupiter,4.91962e+09,-1.90135e+13,-1.51541e+13,0,-2515.38,-2556.48,0,2.18705e+33,3.21862e+43
Saturn,4.91962e+09,-2.10141e+13,-1.3467e+12,0,-3465.84,-895.037,0,2.18705e+33,3.21862e+43
Uranus,4.91962e+09,-4.14795e+12,-2.13166e+13,0,227.602,-3529.74,0,2.18705e+33,3.21862e+43
Neptune,4.91962e+09,-3.17383e+11,2.23607e+12,0,-10704.4,-1485.36,0,2.18705e+33,3.21862e+43
Sun,4.98269e+09,0,0,0,0,-15.989,0,2.18564e+33,3.2194e+43
Mercury,4.98269e+09,2.96797e+12,8.50123e+13,0,597.585,18030.8,0,2.18564e+33,3.2194e+43
Venus,4.98269e+09,5.86749e+12,-2.52875e+13,0,970.532,-3559.84,0,2.18564e+33,3.2194e+43
Earth,4.98269e+09,2.36111e+13,-4.72622e+11,0,3499.21,102.608,0,2.18564e+33,3.2194e+43
Moon,4.98269e+09,-6.85063e+10,1.47309e+10,0,-12967.7,-60174.3,0,2.18564e+33,3.2194e+43
Mars,4.98269e+09,4.76305e+12,-2.39887e+13,0,861.296,-3206.26,0,2.18564e+33,3.2194e+43
Jupiter,4.98269e+09,-1.91718e+13,-1.53141e+13,0,-2504.41,-2547.71,0,2.18564e+33,3.2194e+43
Saturn,4.98269e+09,-2.12321e+13,-1.4021e+12,0,-3447.19,-893.864,0,2.18564e+33,3.2194e+43
Uranus,4.98269e+09,-4.13349e+12,-2.15377e+13,0,230.907,-3512.46,0,2.18564e+33,3.2194e+43
Neptune,4.98269e+09,-9.67857e+11,2.04319e+12,0,-9764.92,-4614.32,0,2.18564e+33,3.2194e+43
Sun,5.04576e+09,0,0,0,0,-15.989,0,2.18786e+33,3.22017e+43
Mercury,5.04576e+09,3.00566e+12,8.61505e+13,0,597.545,18029.6,0,2.18786e+33,3.22017e+43
Venus,5.04576e+09,5.92862e+12,-2.55107e+13,0,967.731,-3547.83,0,2.18786e+33,3.22017e+43
Earth,5.04576e+09,2.38314e+13,-4.65132e+11,0,3484.33,102.9,0,2.18786e+33,3.22017e+43
Moon,5.04576e+09,-1.43936e+10,6.85612e+10,0,-60234.4,-12695.6,0,2.18786e+33,3.22017e+43
Mars,5.04576e+09,4.81729e+12,-2.41895e+13,0,858.576,-3192.65,0,2.18786e+33,3.22017e+43
Jupiter,5.04576e+09,-1.93294e+13,-1.54735e+13,0,-2493.64,-2539.09,0,2.18786e+33,3.22017e+43
Saturn,5.04576e+09,-2.1449e+13,-1.45744e+12,0,-3428.92,-892.681,0,2.18786e+33,3.22017e+43
Uranus,5.04576e+09,-4.11882e+12,-2.17577e+13,0,234.106,-3495.51,0,2.18786e+33,3.22017e+43
Neptune,5.04576e+09,-1.53054e+12,1.66494e+12,0,-7942.03,-7320.03,0,2.18786e+33,3.22017e+43
Sun,5.10883e+09,0,0,0,0,-15.989,0,2.19346e+33,3.2209e+43
Mercury,5.10883e+09,3.04335e+12,8.72886e+13,0,597.506,18028.5,0,2.19346e+33,3.2209e+43
Venus,5.10883e+09,5.98957e+12,-2.57331e+13,0,964.975,-3536.04,0,2.19346e+33,3.2209e+43
Earth,5.10883e+09,2.40507e+13,-4.57625e+11,0,3469.72,103.18,0,2.19346e+33,3.2209e+43
Moon,5.10883e+09,5.67802e+10,4.1065e+10,0,-36062.1,49849.3,0,2.19346e+33,3.2209e+43
Mars,5.10883e+09,4.87136e+12,-2.43895e+13,0,855.894,-3179.26,0,2.19346e+33,3.2209e+43
Jupiter,5.10883e+09,-1.94864e+13,-1.56323e+13,0,-2483.08,-2530.62,0,2.19346e+33,3.2209e+43
Saturn,5.10883e+09,-2.16647e+13,-1.51269e+12,0,-3411.02,-891.488,0,2.19346e+33,3.2209e+43
Uranus,5.10883e+09,-4.10396e+12,-2.19766e+13,0,237.203,-3478.88,0,2.19346e+33,3.2209e+43
Neptune,5.10883e+09,-1.9545e+12,1.13579e+12,0,-5398.6,-9363.92,0,2.19346e+33,3.2209e+43
Sun,5.1719e+09,0,0,0,0,-15.989,0,2.20214e+33,3.22161e+43
Mercury,5.1719e+09,3.08104e+12,8.84267e+13,0,597.468,18027.4,0,2.20214e+33,3.22161e+43
Venus,5.1719e+09,6.05034e+12,-2.59547e+13,0,962.263,-3524.45,0,2.20214e+33,3.22161e+43
Earth,5.1719e+09,2.4269e+13,-4.501e+11,0,3455.38,103.448,0,2.20214e+33,3.22161e+43
Moon,5.1719e+09,6.0587e+10,-3.51566e+10,0,30918.8,53217.3,0,2.20214e+33,3.22161e+43
Mars,5.1719e+09,4.92526e+12,-2.45886e+13,0,853.248,-3166.1,0,2.20214e+33,3.22161e+43
Jupiter,5.1719e+09,-1.96426e+13,-1.57907e+13,0,-2472.71,-2522.28,0,2.20214e+33,3.22161e+43
Saturn,5.1719e+09,-2.18793e+13,-1.56787e+12,0,-3393.48,-890.286,0,2.20214e+33,3.22161e+43
Uranus,5.1719e+09,-4.0889e+12,-2.21945e+13,0,240.201,-3462.55,0,2.20214e+33,3.22161e+43
Neptune,5.1719e+09,-2.20107e+12,5.03569e+11,0,-2358.37,-10563,0,2.20214e+33,3.22161e+43
Sun,5.23498e+09,0,0,0,0,-15.989,0,2.21293e+33,3.22228e+43
Mercury,5.23498e+09,3.11872e+12,8.95647e+13,0,597.431,18026.4,0,2.21293e+33,3.22228e+43
Venus,5.23498e+09,6.11095e+12,-2.61756e+13,0,959.593,-3513.06,0,2.21293e+33,3.22228e+43
Earth,5.23498e+09,2.44865e+13,-4.42559e+11,0,3441.29,103.704,0,2.21293e+33,3.22228e+43
Moon,5.23498e+09,-7.47896e+09,-6.96904e+10,0,61176.9,-6541.59,0,2.21293e+33,3.22228e+43
Mars,5.23498e+09,4.97899e+12,-2.47868e+13,0,850.639,-3153.15,0,2.21293e+33,3.22228e+43
Jupiter,5.23498e+09,-1.97983e+13,-1.59485e+13,0,-2462.53,-2514.08,0,2.21293e+33,3.22228e+43
Saturn,5.23498e+09,-2.20927e+13,-1.62298e+12,0,-3376.29,-889.077,0,2.21293e+33,3.22228e+43
Uranus,5.23498e+09,-4.07366e+12,-2.24114e+13,0,243.105,-3446.51,0,2.21293e+33,3.22228e+43
Neptune,5.23498e+09,-2.24717e+12,-1.74463e+11,0,910.528,-10804.4,0,2.21293e+33,3.22228e+43
Sun,5.29805e+09,0,0,0,0,-15.989,0,2.22401e+33,3.22291e+43
Mercury,5.29805e+09,3.1564e+12,9.07026e+13,0,597.395,18025.3,0,2.22401e+33,3.22291e+43
Venus,5.29805e+09,6.17139e+12,-2.63958e+13,0,956.964,-3501.86,0,2.22401e+33,3.22291e+43
Earth,5.29805e+09,2.47031e+13,-4.35002e+11,0,3427.45,103.95,0,2.22401e+33,3.22291e+43
Moon,5.29805e+09,-6.73981e+10,-2.10171e+10,0,17878.3,-58423,0,2.22401e+33,3.22291e+43
Mars,5.29805e+09,5.03256e+12,-2.49843e+13,0,848.064,-3140.4,0,2.22401e+33,3.22291e+43
Jupiter,5.29805e+09,-1.99533e+13,-1.61058e+13,0,-2452.53,-2506,0,2.22401e+33,3.22291e+43
Saturn,5.29805e+09,-2.23052e+13,-1.67801e+12,0,-3359.43,-887.862,0,2.22401e+33,3.22291e+43
Uranus,5.29805e+09,-4.05824e+12,-2.26272e+13,0,245.919,-3430.76,0,2.22401e+33,3.22291e+43
Neptune,5.29805e+09,-2.08756e+12,-8.36461e+11,0,4115.43,-10056.4,0,2.22401e+33,3.22291e+43
Sun,5.36112e+09,0,0,0,0,-15.989,0,2.23691e+33,3.22351e+43
Mercury,5.36112e+09,3.19408e+12,9.18405e+13,0,597.36,18024.3,0,2.23691e+33,3.22351e+43
Venus,5.36112e+09,6.23167e+12,-2.66154e+13,0,954.376,-3490.85,0,2.23691e+33,3.22351e+43
Earth,5.36112e+09,2.49189e+13,-4.27429e+11,0,3413.85,104.185,0,2.23691e+33,3.22351e+43
Moon,5.36112e+09,-1.30436e+10,6.89391e+10,0,-60376.3,-11521.6,0,2.23691e+33,3.22351e+43
Mars,5.36112e+09,5.08597e+12,-2.5181e+13,0,845.523,-3127.87,0,2.23691e+33,3.22351e+43
Jupiter,5.36112e+09,-2.01076e+13,-1.62626e+13,0,-2442.71,-2498.06,0,2.23691e+33,3.22351e+43
Saturn,5.36112e+09,-2.25165e+13,-1.73296e+12,0,-3342.9,-886.641,0,2.23691e+33,3.22351e+43
Uranus,5.36112e+09,-4.04264e+12,-2.28421e+13,0,248.647,-3415.29,0,2.23691e+33,3.22351e+43
Neptune,5.36112e+09,-1.73558e+12,-1.4213e+12,0,6962.36,-8374.39,0,2.23691e+33,3.22351e+43
Sun,5.42419e+09,0,0,0,0,-15.989,0,2.22621e+33,3.22408e+43
Mercury,5.42419e+09,3.23175e+12,9.29783e+13,0,597.326,18023.3,0,2.22621e+33,3.22408e+43
Venus,5.42419e+09,6.29178e+12,-2.68342e+13,0,951.827,-3480.03,0,2.22621e+33,3.22408e+43
Earth,5.42419e+09,2.51338e+13,-4.19843e+11,0,3400.48,104.41,0,2.22621e+33,3.22408e+43
Moon,5.42419e+09,6.16668e+10,3.34633e+10,0,-29239.5,54047.7,0,2.22621e+33,3.22408e+43
Mars,5.42419e+09,5.13922e+12,-2.53768e+13,0,843.015,-3115.53,0,2.22621e+33,3.22408e+43
Jupiter,5.42419e+09,-2.02614e+13,-1.64189e+13,0,-2433.06,-2490.23,0,2.22621e+33,3.22408e+43
Saturn,5.42419e+09,-2.27269e+13,-1.78784e+12,0,-3326.67,-885.416,0,2.22621e+33,3.22408e+43
Uranus,5.42419e+09,-4.02688e+12,-2.3056e+13,0,251.291,-3400.09,0,2.22621e+33,3.22408e+43
Neptune,5.42419e+09,-1.22869e+12,-1.87962e+12,0,9066.94,-6006,0,2.22621e+33,3.22408e+43
Sun,5.48726e+09,0,0,0,0,-15.989,0,2.21268e+33,3.22463e+43
Mercury,5.48726e+09,3.26943e+12,9.4116e+13,0,597.292,18022.4,0,2.21268e+33,3.22463e+43
Venus,5.48726e+09,6.35173e+12,-2.70523e+13,0,949.316,-3469.38,0,2.21268e+33,3.22463e+43
Earth,5.48726e+09,2.53478e+13,-4.12242e+11,0,3387.34,104.625,0,2.21268e+33,3.22463e+43
Moon,5.48726e+09,5.08568e+10,-4.82504e+10,0,42260.2,44684.4,0,2.21268e+33,3.22463e+43
Mars,5.48726e+09,5.19231e+12,-2.5572e+13,0,840.54,-3103.38,0,2.21268e+33,3.22463e+43
Jupiter,5.48726e+09,-2.04146e+13,-1.65747e+13,0,-2423.58,-2482.53,0,2.21268e+33,3.22463e+43
Saturn,5.48726e+09,-2.29362e+13,-1.84263e+12,0,-3310.76,-884.187,0,2.21268e+33,3.22463e+43
Uranus,5.48726e+09,-4.01095e+12,-2.3269e+13,0,253.856,-3385.15,0,2.21268e+33,3.22463e+43
Neptune,5.48726e+09,-6.08873e+11,-2.16473e+12,0,10433.7,-2998.61,0,2.21268e+33,3.22463e+43
Sun,5.55034e+09,0,0,0,0,-15.989,0,2.20005e+33,3.22516e+43
Mercury,5.55034e+09,3.3071e+12,9.52537e+13,0,597.26,18021.5,0,2.20005e+33,3.22516e+43
Venus,5.55034e+09,6.41153e+12,-2.72698e+13,0,946.842,-3458.9,0,2.20005e+33,3.22516e+43
Earth,5.55034e+09,2.55611e+13,-4.04628e+11,0,3374.42,104.831,0,2.20005e+33,3.22516e+43
Moon,5.55034e+09,-3.00299e+10,-6.34277e+10,0,55528,-26335.5,0,2.20005e+33,3.22516e+43
Mars,5.55034e+09,5.24525e+12,-2.57663e+13,0,838.097,-3091.42,0,2.20005e+33,3.22516e+43
Jupiter,5.55034e+09,-2.05671e+13,-1.673e+13,0,-2414.26,-2474.95,0,2.20005e+33,3.22516e+43
Saturn,5.55034e+09,-2.31445e+13,-1.89735e+12,0,-3295.13,-882.954,0,2.20005e+33,3.22516e+43
Uranus,5.55034e+09,-3.99486e+12,-2.3481e+13,0,256.344,-3370.46,0,2.20005e+33,3.22516e+43
Neptune,5.55034e+09,6.71062e+10,-2.25032e+12,0,10835.3,271.805,0,2.20005e+33,3.22516e+43
Sun,5.61341e+09,0,0,0,0,-15.989,0,2.18997e+33,3.2257e+43
Mercury,5.61341e+09,3.34477e+12,9.63913e+13,0,597.228,18020.5,0,2.18997e+33,3.2257e+43
Venus,5.61341e+09,6.47117e+12,-2.74866e+13,0,944.405,-3448.59,0,2.18997e+33,3.2257e+43
Earth,5.61341e+09,2.57735e+13,-3.97002e+11,0,3361.71,105.028,0,2.18997e+33,3.2257e+43
Moon,5.61341e+09,-6.98285e+10,5.54104e+09,0,-4946.39,-61380.3,0,2.18997e+33,3.2257e+43
Mars,5.61341e+09,5.29803e+12,-2.59599e+13,0,835.684,-3079.64,0,2.18997e+33,3.2257e+43
Jupiter,5.61341e+09,-2.07191e+13,-1.68849e+13,0,-2405.1,-2467.48,0,2.18997e+33,3.2257e+43
Saturn,5.61341e+09,-2.33518e+13,-1.952e+12,0,-3279.79,-881.72,0,2.18997e+33,3.2257e+43
Uranus,5.61341e+09,-3.97861e+12,-2.36922e+13,0,258.758,-3356.02,0,2.18997e+33,3.2257e+43
Neptune,5.61341e+09,7.36951e+11,-2.12919e+12,0,10241.7,3506.33,0,2.18997e+33,3.2257e+43
Sun,5.67648e+09,0,0,0,0,-15.989,0,2.18254e+33,3.22624e+43
Mercury,5.67648e+09,3.38243e+12,9.75289e+13,0,597.197,18019.7,0,2.18254e+33,3.22624e+43
Venus,5.67648e+09,6.53066e+12,-2.77028e+13,0,942.003,-3438.44,0,2.18254e+33,3.22624e+43
Earth,5.67648e+09,2.59852e+13,-3.89363e+11,0,3349.21,105.216,0,2.18254e+33,3.22624e+43
Moon,5.67648e+09,-2.05848e+10,6.70121e+10,0,-58798.1,-18097.9,0,2.18254e+33,3.22624e+43
Mars,5.67648e+09,5.35066e+12,-2.61528e+13,0,833.303,-3068.04,0,2.18254e+33,3.22624e+43
Jupiter,5.67648e+09,-2.08705e+13,-1.70393e+13,0,-2396.09,-2460.12,0,2.18254e+33,3.22624e+43
Saturn,5.67648e+09,-2.35582e+13,-2.00656e+12,0,-3264.72,-880.483,0,2.18254e+33,3.22624e+43
Uranus,5.67648e+09,-3.96222e+12,-2.39024e+13,0,261.102,-3341.82,0,2.18254e+33,3.22624e+43
Neptune,5.67648e+09,1.33928e+12,-1.81292e+12,0,8711.08,6412.6,0,2.18254e+33,3.22624e+43
Sun,5.73955e+09,0,0,0,0,-15.989,0,2.17775e+33,3.2268e+43
Mercury,5.73955e+09,3.4201e+12,9.86664e+13,0,597.167,18018.8,0,2.17775e+33,3.2268e+43
Venus,5.73955e+09,6.59e+12,-2.79184e+13,0,939.635,-3428.46,0,2.17775e+33,3.2268e+43
Earth,5.73955e+09,2.6196e+13,-3.81712e+11,0,3336.9,105.397,0,2.17775e+33,3.2268e+43
Moon,5.73955e+09,5.81591e+10,4.02252e+10,0,-33935.4,50661.8,0,2.17775e+33,3.2268e+43
Mars,5.73955e+09,5.40315e+12,-2.63449e+13,0,830.95,-3056.61,0,2.17775e+33,3.2268e+43
Jupiter,5.73955e+09,-2.10214e+13,-1.71932e+13,0,-2387.23,-2452.87,0,2.17775e+33,3.2268e+43
Saturn,5.73955e+09,-2.37637e+13,-2.06105e+12,0,-3249.92,-879.246,0,2.17775e+33,3.2268e+43
Uranus,5.73955e+09,-3.94568e+12,-2.41117e+13,0,263.377,-3327.85,0,2.17775e+33,3.2268e+43
Neptune,5.73955e+09,1.819e+12,-1.33069e+12,0,6383.72,8729.11,0,2.17775e+33,3.2268e+43
Sun,5.80262e+09,0,0,0,0,-15.989,0,2.17944e+33,3.22739e+43
Mercury,5.80262e+09,3.45776e+12,9.98039e+13,0,597.137,18017.9,0,2.17944e+33,3.22739e+43
Venus,5.80262e+09,6.64919e+12,-2.81333e+13,0,937.301,-3418.62,0,2.17944e+33,3.22739e+43
Earth,5.80262e+09,2.64061e+13,-3.74051e+11,0,3324.8,105.569,0,2.17944e+33,3.22739e+43
Moon,5.80262e+09,5.115e+10,-4.78981e+10,0,42049.6,44918.4,0,2.17944e+33,3.22739e+43
Mars,5.80262e+09,5.45548e+12,-2.65363e+13,0,828.627,-3045.35,0,2.17944e+33,3.22739e+43
Jupiter,5.80262e+09,-2.11717e+13,-1.73467e+13,0,-2378.51,-2445.72,0,2.17944e+33,3.22739e+43
Saturn,5.80262e+09,-2.39682e+13,-2.11546e+12,0,-3235.38,-878.007,0,2.17944e+33,3.22739e+43
Uranus,5.80262e+09,-3.92899e+12,-2.43201e+13,0,265.586,-3314.11,0,2.17944e+33,3.22739e+43
Neptune,5.80262e+09,2.13216e+12,-7.26631e+11,0,3469.31,10246.4,0,2.17944e+33,3.22739e+43
Sun,5.8657e+09,0,0,0,0,-15.989,0,2.18398e+33,3.228e+43
Mercury,5.8657e+09,3.49542e+12,1.00941e+14,0,597.108,18017.1,0,2.18398e+33,3.228e+43
Venus,5.8657e+09,6.70824e+12,-2.83476e+13,0,935,-3408.94,0,2.18398e+33,3.228e+43
Earth,5.8657e+09,2.66154e+13,-3.66379e+11,0,3312.88,105.734,0,2.18398e+33,3.228e+43
Moon,5.8657e+09,-2.31768e+10,-6.61286e+10,0,58075.1,-20384.3,0,2.18398e+33,3.228e+43
Mars,5.8657e+09,5.50767e+12,-2.6727e+13,0,826.332,-3034.26,0,2.18398e+33,3.228e+43
Jupiter,5.8657e+09,-2.13214e+13,-1.74997e+13,0,-2369.94,-2438.68,0,2.18398e+33,3.228e+43
Saturn,5.8657e+09,-2.41718e+13,-2.16979e+12,0,-3221.1,-876.769,0,2.18398e+33,3.228e+43
Uranus,5.8657e+09,-3.91217e+12,-2.45277e+13,0,267.733,-3300.59,0,2.18398e+33,3.228e+43
Neptune,5.8657e+09,2.24978e+12,-5.59505e+10,0,229.933,10824.7,0,2.18398e+33,3.228e+43
Sun,5.92877e+09,0,0,0,0,-15.989,0,2.1921e+33,3.22865e+43
Mercury,5.92877e+09,3.53308e+12,1.02079e+14,0,597.08,18016.3,0,2.1921e+33,3.22865e+43
Venus,5.92877e+09,6.76714e+12,-2.85613e+13,0,932.732,-3399.41,0,2.1921e+33,3.22865e+43
Earth,5.92877e+09,2.6824e+13,-3.58696e+11,0,3301.16,105.892,0,2.1921e+33,3.22865e+43
Moon,5.92877e+09,-6.98567e+10,-5.19644e+09,0,4582.95,-61408.6,0,2.1921e+33,3.22865e+43
Mars,5.92877e+09,5.55972e+12,-2.69171e+13,0,824.065,-3023.32,0,2.1921e+33,3.22865e+43
Jupiter,5.92877e+09,-2.14706e+13,-1.76523e+13,0,-2361.5,-2431.74,0,2.1921e+33,3.22865e+43
Saturn,5.92877e+09,-2.43745e+13,-2.22404e+12,0,-3207.05,-875.531,0,2.1921e+33,3.22865e+43
Uranus,5.92877e+09,-3.89522e+12,-2.47345e+13,0,269.818,-3287.28,0,2.1921e+33,3.22865e+43
Neptune,5.92877e+09,2.1605e+12,6.1984e+11,0,-3041.22,10406.2,0,2.1921e+33,3.22865e+43
Sun,5.99184e+09,0,0,0,0,-15.989,0,2.20256e+33,3.22933e+43
Mercury,5.99184e+09,3.57074e+12,1.03216e+14,0,597.052,18015.5,0,2.20256e+33,3.22933e+43
Venus,5.99184e+09,6.8259e+12,-2.87744e+13,0,930.494,-3390.01,0,2.20256e+33,3.22933e+43
Earth,5.99184e+09,2.70318e+13,-3.51004e+11,0,3289.61,106.043,0,2.20256e+33,3.22933e+43
Moon,5.99184e+09,-2.64103e+10,6.50882e+10,0,-56887.8,-23105.9,0,2.20256e+33,3.22933e+43
Mars,5.99184e+09,5.61163e+12,-2.71064e+13,0,821.825,-3012.55,0,2.20256e+33,3.22933e+43
Jupiter,5.99184e+09,-2.16193e+13,-1.78044e+13,0,-2353.19,-2424.89,0,2.20256e+33,3.22933e+43
Saturn,5.99184e+09,-2.45764e+13,-2.27821e+12,0,-3193.24,-874.293,0,2.20256e+33,3.22933e+43
Uranus,5.99184e+09,-3.87814e+12,-2.49404e+13,0,271.844,-3274.18,0,2.20256e+33,3.22933e+43
Neptune,5.99184e+09,1.8718e+12,1.23837e+12,0,-6044.33,9021.82,0,2.20256e+33,3.22933e+43
Sun,6.05491e+09,0,0,0,0,-15.989,0,2.207e+33,3.23003e+43
Mercury,6.05491e+09,3.6084e+12,1.04353e+14,0,597.025,18014.7,0,2.207e+33,3.23003e+43
Venus,6.05491e+09,6.88452e+12,-2.89869e+13,0,928.287,-3380.76,0,2.207e+33,3.23003e+43
Earth,6.05491e+09,2.7239e+13,-3.43303e+11,0,3278.23,106.187,0,2.207e+33,3.23003e+43
Moon,6.05491e+09,9.15291e+11,-9.34203e+10,0,16890.5,2972.62,0,2.207e+33,3.23003e+43
Mars,6.05491e+09,5.66339e+12,-2.72951e+13,0,819.612,-3001.92,0,2.207e+33,3.23003e+43
Jupiter,6.05491e+09,-2.17675e+13,-1.79562e+13,0,-2345.02,-2418.15,0,2.207e+33,3.23003e+43
Saturn,6.05491e+09,-2.47773e+13,-2.33231e+12,0,-3179.66,-873.057,0,2.207e+33,3.23003e+43
Uranus,6.05491e+09,-3.86093e+12,-2.51455e+13,0,273.814,-3261.29,0,2.207e+33,3.23003e+43
Neptune,6.05491e+09,1.412e+12,1.74427e+12,0,-8419.77,6864.89,0,2.207e+33,3.23003e+43
Sun,6.11798e+09,0,0,0,0,-15.989,0,2.20317e+33,3.23075e+43
Mercury,6.11798e+09,3.64605e+12,1.0549e+14,0,596.999,18014,0,2.20317e+33,3.23075e+43
Venus,6.11798e+09,6.943e+12,-2.91988e+13,0,926.111,-3371.65,0,2.20317e+33,3.23075e+43
Earth,6.11798e+09,2.74454e+13,-3.35593e+11,0,3267.03,106.325,0,2.20317e+33,3.23075e+43
Moon,6.11798e+09,1.79256e+12,1.03186e+11,0,11996.8,3080.92,0,2.20317e+33,3.23075e+43
Mars,6.11798e+09,5.71502e+12,-2.74831e+13,0,817.425,-2991.44,0,2.20317e+33,3.23075e+43
Jupiter,6.11798e+09,-2.19151e+13,-1.81075e+13,0,-2336.97,-2411.49,0,2.20317e+33,3.23075e+43
Saturn,6.11798e+09,-2.49775e+13,-2.38633e+12,0,-3166.31,-871.822,0,2.20317e+33,3.23075e+43
Uranus,6.11798e+09,-3.8436e+12,-2.53498e+13,0,275.729,-3248.59,0,2.20317e+33,3.23075e+43
Neptune,6.11798e+09,8.23783e+11,2.09078e+12,0,-10086,4007.44,0,2.20317e+33,3.23075e+43
Sun,6.18106e+09,0,0,0,0,-15.989,0,2.20109e+33,3.23148e+43
Mercury,6.18106e+09,3.68371e+12,1.06628e+14,0,596.973,18013.2,0,2.20109e+33,3.23148e+43
Venus,6.18106e+09,7.00134e+12,-2.94102e+13,0,923.963,-3362.66,0,2.20109e+33,3.23148e+43
Earth,6.18106e+09,2.76511e+13,-3.27874e+11,0,3256,106.457,0,2.20109e+33,3.23148e+43
Moon,6.18106e+09,2.48473e+12,2.93437e+11,0,10156,2919.44,0,2.20109e+33,3.23148e+43
Mars,6.18106e+09,5.7665e+12,-2.76704e+13,0,815.263,-2981.11,0,2.20109e+33,3.23148e+43
Jupiter,6.18106e+09,-2.20623e+13,-1.82583e+13,0,-2329.05,-2404.93,0,2.20109e+33,3.23148e+43
Saturn,6.18106e+09,-2.51767e+13,-2.44027e+12,0,-3153.17,-870.589,0,2.20109e+33,3.23148e+43
Uranus,6.18106e+09,-3.82615e+12,-2.55533e+13,0,277.591,-3236.08,0,2.20109e+33,3.23148e+43
Neptune,6.18106e+09,1.59448e+11,2.24421e+12,0,-10816.1,789.878,0,2.20109e+33,3.23148e+43
Sun,6.24413e+09,0,0,0,0,-15.989,0,2.20091e+33,3.23222e+43
Mercury,6.24413e+09,3.72136e+12,1.07765e+14,0,596.948,18012.5,0,2.20091e+33,3.23222e+43
Venus,6.24413e+09,7.05955e+12,-2.9621e+13,0,921.844,-3353.81,0,2.20091e+33,3.23222e+43
Earth,6.24413e+09,2.78561e+13,-3.20147e+11,0,3245.12,106.583,0,2.20091e+33,3.23222e+43
Moon,6.24413e+09,3.08946e+12,4.73915e+11,0,9099.02,2776.03,0,2.20091e+33,3.23222e+43
Mars,6.24413e+09,5.81786e+12,-2.78571e+13,0,813.126,-2970.92,0,2.20091e+33,3.23222e+43
Jupiter,6.24413e+09,-2.22089e+13,-1.84088e+13,0,-2321.24,-2398.46,0,2.20091e+33,3.23222e+43
Saturn,6.24413e+09,-2.53752e+13,-2.49413e+12,0,-3140.24,-869.358,0,2.20091e+33,3.23222e+43
Uranus,6.24413e+09,-3.80859e+12,-2.5756e+13,0,279.403,-3223.76,0,2.20091e+33,3.23222e+43
Neptune,6.24413e+09,-5.19596e+11,2.19108e+12,0,-10549.9,-2491.89,0,2.20091e+33,3.23222e+43
Sun,6.3072e+09,0,0,0,0,-15.989,0,2.20261e+33,3.23294e+43
Mercury,6.3072e+09,3.75901e+12,1.08902e+14,0,596.923,18011.8,0,2.20261e+33,3.23294e+43
Venus,6.3072e+09,7.11762e+12,-2.98313e+13,0,919.752,-3345.08,0,2.20261e+33,3.23294e+43
Earth,6.3072e+09,2.80604e+13,-3.12412e+11,0,3234.41,106.703,0,2.20261e+33,3.23294e+43
Moon,6.3072e+09,3.63958e+12,6.46171e+11,0,8385.56,2658,0,2.20261e+33,3.23294e+43
Mars,6.3072e+09,5.86908e+12,-2.80432e+13,0,811.013,-2960.86,0,2.20261e+33,3.23294e+43
Jupiter,6.3072e+09,-2.23551e+13,-1.85589e+13,0,-2313.55,-2392.07,0,2.20261e+33,3.23294e+43
Saturn,6.3072e+09,-2.55729e+13,-2.54791e+12,0,-3127.52,-868.129,0,2.20261e+33,3.23294e+43
Uranus,6.3072e+09,-3.79091e+12,-2.59579e+13,0,281.165,-3211.62,0,2.20261e+33,3.23294e+43
Neptune,6.3072e+09,-1.15096e+12,1.93682e+12,0,-9316.56,-5539.75,0,2.20261e+33,3.23294e+43
